timestamp,preco_usd,moeda
1781643600000,65794.1342669306,bitcoin
1781647200000,65721.23261262392,bitcoin
1781650800000,65725.57501738366,bitcoin
1781654400000,65619.28080038042,bitcoin
1781658000000,65685.18452835121,bitcoin
1781661600000,65877.14591641171,bitcoin
1781665200000,65844.3002835696,bitcoin
1781668800000,65781.95467956628,bitcoin
1781672400000,65844.1066690421,bitcoin
1781676000000,65774.71487092394,bitcoin
1781679600000,65566.01071043266,bitcoin
1781683200000,65464.24413878417,bitcoin
1781686800000,64884.87978384772,bitcoin
1781690400000,64833.83379845131,bitcoin
1781694000000,64736.031252809305,bitcoin
1781697600000,64759.34074402268,bitcoin
1781701200000,64988.14067646813,bitcoin
1781704800000,65248.140186627694,bitcoin
1781708400000,65075.585419361596,bitcoin
1781712000000,65698.23677096302,bitcoin
1781715600000,65831.92749438605,bitcoin
1781719200000,66009.04014530333,bitcoin
1781722800000,65512.47122792578,bitcoin
1781726400000,64241.62379235361,bitcoin
1781730000000,64368.53197668574,bitcoin
1781733600000,64201.90295592708,bitcoin
1781737200000,64260.313160694044,bitcoin
1781740800000,64444.545329668814,bitcoin
1781744400000,64422.7332298949,bitcoin
1781748000000,64504.587045199296,bitcoin
1781751600000,64630.85253332534,bitcoin
1781755200000,64231.99423638663,bitcoin
1781758800000,63880.33491135533,bitcoin
1781762400000,63929.27401585061,bitcoin
1781766000000,64046.106145643185,bitcoin
1781769600000,64429.3151737207,bitcoin
1781773200000,64342.52753048174,bitcoin
1781776800000,64157.50743371025,bitcoin
1781780400000,64055.59184405801,bitcoin
1781784000000,63923.44224368735,bitcoin
1781787600000,64314.79896365715,bitcoin
1781791200000,63872.62041260807,bitcoin
1781794800000,63764.231328085145,bitcoin
1781798400000,62313.99340994261,bitcoin
1781802000000,62623.63189438897,bitcoin
1781805600000,62528.81568850007,bitcoin
1781809200000,62633.33050724878,bitcoin
1781812800000,62896.3469285504,bitcoin
1781816400000,63033.559137009346,bitcoin
1781820000000,62908.02042119267,bitcoin
1781823600000,62823.09056826444,bitcoin
1781827200000,62897.23855524796,bitcoin
1781830800000,62949.317474632975,bitcoin
1781834400000,62960.063829662235,bitcoin
1781838000000,62951.39017745219,bitcoin
1781841600000,62719.57121204975,bitcoin
1781845200000,62401.543798924264,bitcoin
1781848800000,62678.16750417492,bitcoin
1781852400000,62842.191281257445,bitcoin
1781856000000,62567.15001847757,bitcoin
1781859600000,62543.628893340414,bitcoin
1781863200000,62353.7581291409,bitcoin
1781866800000,62485.96228335091,bitcoin
1781870400000,62576.64191285677,bitcoin
1781874000000,62758.29094286823,bitcoin
1781877600000,63163.164094177235,bitcoin
1781881200000,63161.709999418956,bitcoin
1781884800000,63150.567908658515,bitcoin
1781888400000,62932.88792821947,bitcoin
1781892000000,63144.54427470509,bitcoin
1781895600000,63050.26772496649,bitcoin
1781899200000,62957.00654317393,bitcoin
1781902800000,63195.01251901828,bitcoin
1781906400000,63020.73155032543,bitcoin
1781910000000,63258.02888837393,bitcoin
1781913600000,63489.81094752525,bitcoin
1781917200000,63478.707723589934,bitcoin
1781920800000,63511.82957821895,bitcoin
1781924400000,63297.06233022252,bitcoin
1781928000000,63406.70890601928,bitcoin
1781931600000,63511.836209238296,bitcoin
1781935200000,63616.62705423173,bitcoin
1781938800000,63675.879635460115,bitcoin
1781942400000,63595.953456980475,bitcoin
1781946000000,63361.42427907942,bitcoin
1781949600000,63678.062921139026,bitcoin
1781953200000,63614.77122598637,bitcoin
1781956800000,63632.08358051378,bitcoin
1781960400000,63598.854106548795,bitcoin
1781964000000,63370.21512539454,bitcoin
1781967600000,63880.82871958771,bitcoin
1781971200000,64071.570898807084,bitcoin
1781974800000,63942.95729462183,bitcoin
1781978400000,63785.71848828837,bitcoin
1781982000000,63731.45103356764,bitcoin
1781985600000,63869.703129336034,bitcoin
1781989200000,63859.48885099569,bitcoin
1781992800000,63942.0588498902,bitcoin
1781996400000,64232.32698776945,bitcoin
1782000000000,64253.39869532133,bitcoin
1782003600000,64232.00003489193,bitcoin
1782007200000,64177.63062369645,bitcoin
1782010800000,64172.97111302846,bitcoin
1782014400000,64350.25345834792,bitcoin
1782018000000,64224.81988745256,bitcoin
1782021600000,64192.598528593386,bitcoin
1782025200000,64227.34350470279,bitcoin
1782028800000,64137.30747295862,bitcoin
1782032400000,63942.322360575956,bitcoin
1782036000000,64136.33990644154,bitcoin
1782039600000,64291.21611357497,bitcoin
1782043200000,64091.378803108986,bitcoin
1782046800000,64130.21771004847,bitcoin
1782050400000,64065.94359665164,bitcoin
1782054000000,64060.188777316755,bitcoin
1782057600000,64159.6237059165,bitcoin
1782061200000,64077.84460303331,bitcoin
1782064800000,64094.597726365915,bitcoin
1782068400000,64112.066099776996,bitcoin
1782072000000,64152.71153740518,bitcoin
1782075600000,63775.7816302342,bitcoin
1782079200000,63721.21465781166,bitcoin
1782082800000,63742.53584175308,bitcoin
1782086400000,63255.48525259375,bitcoin
1782090000000,63819.11898308706,bitcoin
1782093600000,64552.121487989345,bitcoin
1782097200000,64205.69346869373,bitcoin
1782100800000,63928.74456827152,bitcoin
1782104400000,64033.42166008993,bitcoin
1782108000000,64177.92241599179,bitcoin
1782111600000,63959.75327181369,bitcoin
1782115200000,64149.20624482907,bitcoin
1782118800000,64104.1120190984,bitcoin
1782122400000,64082.99802705055,bitcoin
1782126000000,64086.311714266456,bitcoin
1782129600000,64590.54864637921,bitcoin
1782133200000,65094.74831438618,bitcoin
1782136800000,65494.51614098112,bitcoin
1782140400000,64898.72223781988,bitcoin
1782144000000,64760.07013598424,bitcoin
1782147600000,64667.336237364085,bitcoin
1782151200000,64539.416997041015,bitcoin
1782154800000,64271.121158924754,bitcoin
1782158400000,64422.0097968275,bitcoin
1782162000000,64362.81575963608,bitcoin
1782165600000,64238.86875118693,bitcoin
1782169200000,63896.99325845692,bitcoin
1782172800000,63937.28526422244,bitcoin
1782176400000,64059.64363249256,bitcoin
1782180000000,64088.01499383456,bitcoin
1782183600000,64132.23842102039,bitcoin
1782187200000,63987.15919448064,bitcoin
1782190800000,63582.257037634496,bitcoin
1782194400000,63320.27817720834,bitcoin
1782198000000,62877.708063685415,bitcoin
1782201600000,62820.37516360038,bitcoin
1782205200000,62315.10580300406,bitcoin
1782208800000,62319.33789928308,bitcoin
1782212400000,62256.929876648566,bitcoin
1782216000000,62442.52917436966,bitcoin
1782219600000,62203.09798784006,bitcoin
1782223200000,62381.11464416815,bitcoin
1782226800000,62420.15977791371,bitcoin
1782230400000,62387.074800634124,bitcoin
1782234000000,62499.121512644604,bitcoin
1782237600000,62297.5106191316,bitcoin
1782241200000,62172.01201133446,bitcoin
1782244800000,62338.931593396395,bitcoin
1782248400000,62389.481553975704,bitcoin
1782252000000,62529.66280671927,bitcoin
1782255600000,62524.184805318786,bitcoin
1782259200000,62662.29201921944,bitcoin
1782262800000,62935.84817323276,bitcoin
1782266400000,62914.966346538065,bitcoin
1782270000000,62585.487932303135,bitcoin
1782273600000,62666.834885426244,bitcoin
1782277200000,62693.92100488201,bitcoin
1782280800000,62817.48646755404,bitcoin
1782284400000,62706.519151987326,bitcoin
1782288000000,62575.43241960783,bitcoin
1782291600000,62720.2895939481,bitcoin
1782295200000,62624.58927852053,bitcoin
1782298800000,62374.26824989483,bitcoin
1782302400000,62843.68490767567,bitcoin
1782306000000,62550.76407996913,bitcoin
1782309600000,61267.749719811334,bitcoin
1782313200000,61024.12201046819,bitcoin
1782316800000,60205.2741277778,bitcoin
1782320400000,59789.48619571827,bitcoin
1782324000000,59358.45292012501,bitcoin
1782327600000,59523.470870098885,bitcoin
1782331200000,59876.674436557674,bitcoin
1782334800000,60891.518547081505,bitcoin
1782338400000,61056.08538534663,bitcoin
1782342000000,60791.161293084166,bitcoin
1782345600000,60989.57352152134,bitcoin
1782349200000,60713.55737295181,bitcoin
1782352800000,60828.94803155277,bitcoin
1782356400000,60708.43122312048,bitcoin
1782360000000,60797.57977037941,bitcoin
1782363600000,61251.84152643313,bitcoin
1782367200000,61519.76098547217,bitcoin
1782370800000,61639.93029845993,bitcoin
1782374400000,61824.263437647256,bitcoin
1782378000000,61620.01776553923,bitcoin
1782381600000,61665.258960151245,bitcoin
1782385200000,61205.216559923734,bitcoin
1782388800000,61210.44123128128,bitcoin
1782392400000,61171.04121659868,bitcoin
1782396000000,58243.975988882026,bitcoin
1782399600000,59422.282560306245,bitcoin
1782403200000,59493.31948030603,bitcoin
1782406800000,59242.43103115886,bitcoin
1782410400000,59588.298670235476,bitcoin
1782414000000,59411.14649579867,bitcoin
1782417600000,59220.70806994976,bitcoin
1782421200000,59360.991804305704,bitcoin
1782424800000,60115.13400967625,bitcoin
1782428400000,59775.39445563701,bitcoin
1782432000000,59726.73653480851,bitcoin
1782435600000,59603.129223707765,bitcoin
1782439200000,59351.98268653229,bitcoin
1782442800000,58503.04435977643,bitcoin
1782446400000,59930.892055442484,bitcoin
1782450000000,59836.47735529296,bitcoin
1782453600000,59869.44283231238,bitcoin
1782457200000,60238.47869730115,bitcoin
1782460800000,60479.5507255037,bitcoin
1782464400000,60151.37179099762,bitcoin
1782468000000,59655.70113012068,bitcoin
1782471600000,59234.76809329271,bitcoin
1782475200000,59325.75898428485,bitcoin
1782478800000,59130.16690792026,bitcoin
1782482400000,60085.472995967255,bitcoin
1782486000000,59550.043672371445,bitcoin
1782489600000,60243.75851937369,bitcoin
1782493200000,59975.35749821483,bitcoin
1782496800000,59961.9816626125,bitcoin
1782500400000,59596.228301309646,bitcoin
1782504000000,59768.68313187722,bitcoin
1782507600000,59646.81608354697,bitcoin
1782511200000,59851.67600622578,bitcoin
1782514800000,59972.038222806994,bitcoin
1782518400000,60022.32566638378,bitcoin
1782522000000,59983.60256964069,bitcoin
1782525600000,59872.856209815836,bitcoin
1782529200000,60227.285757671074,bitcoin
1782532800000,60226.05826691643,bitcoin
1782536400000,60165.81744971254,bitcoin
1782540000000,60177.46554667346,bitcoin
1782543600000,60288.66714704136,bitcoin
1782547200000,60462.64032824857,bitcoin
1782550800000,60366.62795462668,bitcoin
1782554400000,60343.462883071734,bitcoin
1782558000000,60331.17272373777,bitcoin
1782561600000,60281.72060820597,bitcoin
1782565200000,60335.04333893105,bitcoin
1782568800000,60488.87991630732,bitcoin
1782572400000,60530.68641556376,bitcoin
1782576000000,60738.130063492805,bitcoin
1782579600000,60709.327637905946,bitcoin
1782583200000,60454.05045884562,bitcoin
1782586800000,60469.467239149104,bitcoin
1782590400000,60101.32946268565,bitcoin
1782594000000,60209.73461907334,bitcoin
1782597600000,60122.77026066025,bitcoin
1782601200000,60156.095543107105,bitcoin
1782604800000,59953.443344011124,bitcoin
1782608400000,60078.176851445765,bitcoin
1782612000000,60148.71446336424,bitcoin
1782615600000,60101.45581312719,bitcoin
1782619200000,60125.529617765416,bitcoin
1782622800000,60056.055743567966,bitcoin
1782626400000,59910.75807663309,bitcoin
1782630000000,59929.767957201824,bitcoin
1782633600000,60141.838785240856,bitcoin
1782637200000,60309.97869356818,bitcoin
1782640800000,60197.89455343325,bitcoin
1782644400000,60097.37184655965,bitcoin
1782648000000,60269.225271320065,bitcoin
1782651600000,60216.1640295005,bitcoin
1782655200000,60004.523713049246,bitcoin
1782658800000,59972.07765326265,bitcoin
1782662400000,59823.82857486152,bitcoin
1782666000000,59624.2029971441,bitcoin
1782669600000,59517.743569099664,bitcoin
1782673200000,59545.67805835586,bitcoin
1782676800000,59405.67607496718,bitcoin
1782680400000,59582.51941266253,bitcoin
1782684000000,59350.7545808499,bitcoin
1782687600000,59009.7849428476,bitcoin
1782691200000,59494.606386317784,bitcoin
1782694800000,59585.84559931657,bitcoin
1782698400000,59361.68067066549,bitcoin
1782702000000,59669.63296043179,bitcoin
1782705600000,59944.211941706824,bitcoin
1782709200000,59743.99074446544,bitcoin
1782712800000,59990.15882056477,bitcoin
1782716400000,60001.37607155561,bitcoin
1782720000000,59971.52466959531,bitcoin
1782723600000,59779.92706486224,bitcoin
1782727200000,59981.74543093929,bitcoin
1782730800000,60015.73899787562,bitcoin
1782734400000,59873.128499639126,bitcoin
1782738000000,59873.38409526365,bitcoin
1782741600000,59462.6370628007,bitcoin
1782745200000,59365.13500937605,bitcoin
1782748800000,59744.195716005444,bitcoin
1782752400000,59806.20817172398,bitcoin
1782756000000,60323.182255553635,bitcoin
1782759600000,60196.323375223656,bitcoin
1782763200000,60354.671021014095,bitcoin
1782766800000,60215.197320995954,bitcoin
1782770400000,60402.647141446534,bitcoin
1782774000000,60281.3464547047,bitcoin
1782777600000,60152.35872063589,bitcoin
1782781200000,59767.17175595553,bitcoin
1782784800000,59862.80754837732,bitcoin
1782788400000,59872.08214230162,bitcoin
1782792000000,59542.91070368883,bitcoin
1782795600000,59410.93328983304,bitcoin
1782799200000,59556.6672760408,bitcoin
1782802800000,59506.690074590304,bitcoin
1782806400000,59444.35261882023,bitcoin
1782810000000,59219.27657117799,bitcoin
1782813600000,59291.30537886767,bitcoin
1782817200000,59273.703705309905,bitcoin
1782820800000,59102.30929617585,bitcoin
1782824400000,58354.751523708765,bitcoin
1782828000000,58637.80776689729,bitcoin
1782831600000,58418.595035353246,bitcoin
1782835200000,58297.401144206626,bitcoin
1782838800000,58410.110150264336,bitcoin
1782842400000,58348.74308469594,bitcoin
1782846000000,58590.967113077684,bitcoin
1782849600000,58726.609030518965,bitcoin
1782853200000,58657.09845015682,bitcoin
1782856800000,58559.8204976322,bitcoin
1782860400000,58531.71165559294,bitcoin
1782864000000,58566.091991843154,bitcoin
1782867600000,58488.330643900146,bitcoin
1782871200000,58692.75575097779,bitcoin
1782874800000,59002.68409332405,bitcoin
1782878400000,59111.52241823526,bitcoin
1782882000000,59252.024283421146,bitcoin
1782885600000,59071.99580170477,bitcoin
1782889200000,58670.6438795296,bitcoin
1782892800000,58686.553522464244,bitcoin
1782896400000,58900.19655196129,bitcoin
1782900000000,58876.090975030114,bitcoin
1782903600000,58597.2812384871,bitcoin
1782907200000,58552.03987293768,bitcoin
1782910800000,58466.31638576058,bitcoin
1782914400000,59369.823194566685,bitcoin
1782918000000,59474.502780945666,bitcoin
1782921600000,60097.65332644995,bitcoin
1782925200000,59859.63307601114,bitcoin
1782928800000,60132.02631906954,bitcoin
1782932400000,60110.64986395811,bitcoin
1782936000000,59964.56121333874,bitcoin
1782939600000,60070.715811022936,bitcoin
1782943200000,60752.609362644245,bitcoin
1782946800000,60414.93575482061,bitcoin
1782950400000,59967.685041718134,bitcoin
1782954000000,59671.10632369665,bitcoin
1782957600000,60110.535667239834,bitcoin
1782961200000,60380.948038546994,bitcoin
1782964800000,60986.79956340131,bitcoin
1782968400000,60724.65258549942,bitcoin
1782972000000,60445.667642886125,bitcoin
1782975600000,60219.30720218366,bitcoin
1782979200000,60068.10675003399,bitcoin
1782982800000,60439.17593915768,bitcoin
1782986400000,61129.966619634724,bitcoin
1782990000000,61190.202947950595,bitcoin
1782993600000,61248.1506993877,bitcoin
1782997200000,61483.10370776356,bitcoin
1783000800000,61862.109920343966,bitcoin
1783004400000,61615.360337227125,bitcoin
1783008000000,61566.95615214498,bitcoin
1783011600000,61619.43895049993,bitcoin
1783015200000,61623.97303877278,bitcoin
1783018800000,61702.20472573427,bitcoin
1783022400000,61410.534085238345,bitcoin
1783026000000,61512.283967246934,bitcoin
1783029600000,61522.488396772096,bitcoin
1783033200000,61420.885981420004,bitcoin
1783036800000,61490.21448471664,bitcoin
1783040400000,61244.96158505124,bitcoin
1783044000000,61524.84592972294,bitcoin
1783047600000,61370.721912991874,bitcoin
1783051200000,61372.922385597325,bitcoin
1783054800000,61385.848855822966,bitcoin
1783058400000,61637.129158613294,bitcoin
1783062000000,61648.20968513286,bitcoin
1783065600000,61692.74698665298,bitcoin
1783069200000,61523.625696609866,bitcoin
1783072800000,61657.116335437066,bitcoin
1783076400000,61853.14204458926,bitcoin
1783080000000,61966.19342650479,bitcoin
1783083600000,61909.42003256696,bitcoin
1783087200000,62038.19942330931,bitcoin
1783090800000,62104.404002514806,bitcoin
1783094400000,61872.418451229794,bitcoin
1783098000000,62047.36732826445,bitcoin
1783101600000,62130.016262252226,bitcoin
1783105200000,62152.15621619773,bitcoin
1783108800000,62165.18188405103,bitcoin
1783112400000,62716.94597494935,bitcoin
1783116000000,62681.82688022105,bitcoin
1783119600000,62528.14702442605,bitcoin
1783123200000,62553.61289177051,bitcoin
1783126800000,62704.3067658101,bitcoin
1783130400000,62429.639334620915,bitcoin
1783134000000,62489.73170848853,bitcoin
1783137600000,62589.095279627814,bitcoin
1783141200000,62613.619427873164,bitcoin
1783144800000,62408.38489507331,bitcoin
1783148400000,62449.200544392246,bitcoin
1783152000000,62526.39339463723,bitcoin
1783155600000,62524.48528215764,bitcoin
1783159200000,62443.65024571385,bitcoin
1783162800000,62471.41302078319,bitcoin
1783166400000,62446.17804033453,bitcoin
1783170000000,62610.467087953344,bitcoin
1783173600000,62533.391199494305,bitcoin
1783177200000,62646.57265593047,bitcoin
1783180800000,62888.08024657894,bitcoin
1783184400000,62879.845656620455,bitcoin
1783188000000,63256.71977920726,bitcoin
1783191600000,63120.898396559314,bitcoin
1783195200000,63258.8147617089,bitcoin
1783198800000,63197.56872356231,bitcoin
1783202400000,63271.623170363455,bitcoin
1783206000000,63131.95881275811,bitcoin
1783209600000,63088.406753852214,bitcoin
1783213200000,62929.72707763672,bitcoin
1783216800000,62844.86295924283,bitcoin
1783220400000,62639.393574218106,bitcoin
1783224000000,62720.595401404324,bitcoin
1783227600000,62786.136874299096,bitcoin
1783231200000,62700.45671202247,bitcoin
1783234800000,62722.27428833806,bitcoin
1783238400000,62969.83669149113,bitcoin
1783242000000,62879.03977754773,bitcoin
1783245600000,62574.24292024291,bitcoin
1783249200000,62700.43710738032,bitcoin
1783252800000,62615.85343605535,bitcoin
1783256400000,62689.076156554314,bitcoin
1783260000000,62741.34155013367,bitcoin
1783263600000,62756.42138871913,bitcoin
1783267200000,62696.17695063402,bitcoin
1783270800000,62602.595999092286,bitcoin
1783274400000,62581.893946288765,bitcoin
1783278000000,62767.16962577402,bitcoin
1783281600000,62728.9548434708,bitcoin
1783285200000,62695.75651154013,bitcoin
1783288800000,63068.50865279426,bitcoin
1783292400000,63668.21410269457,bitcoin
1783296000000,63586.102141021256,bitcoin
1783299600000,63696.074470272324,bitcoin
1783303200000,63522.64409799275,bitcoin
1783306800000,63408.48442547964,bitcoin
1783310400000,63234.39503189186,bitcoin
1783314000000,63211.39355816194,bitcoin
1783317600000,63065.51605179482,bitcoin
1783321200000,62943.71176890432,bitcoin
1783324800000,63044.23797338123,bitcoin
1783328400000,62848.620819222386,bitcoin
1783332000000,62607.403865103704,bitcoin
1783335600000,62772.74225667596,bitcoin
1783339200000,62551.26105739481,bitcoin
1783342800000,61712.71972602406,bitcoin
1783346400000,61763.9936656863,bitcoin
1783350000000,61975.99786307116,bitcoin
1783353600000,63477.651126006305,bitcoin
1783357200000,63675.187817081,bitcoin
1783360800000,63535.075782781205,bitcoin
1783364400000,63659.34873329972,bitcoin
1783368000000,63689.1618357638,bitcoin
1783371600000,63792.50090251683,bitcoin
1783375200000,64398.644239446316,bitcoin
1783378800000,64196.23038644526,bitcoin
1783382400000,64001.23542391328,bitcoin
1783386000000,64151.162061268704,bitcoin
1783389600000,63804.11318082321,bitcoin
1783393200000,63280.03823930605,bitcoin
1783396800000,63140.067966897026,bitcoin
1783400400000,63054.16725969786,bitcoin
1783404000000,63085.371890941584,bitcoin
1783407600000,63288.01510654113,bitcoin
1783411200000,63041.41079150249,bitcoin
1783414800000,63048.788368486195,bitcoin
1783418400000,63203.06636407444,bitcoin
1783422000000,63220.87798876061,bitcoin
1783425600000,63339.757439706766,bitcoin
1783429200000,63414.18643335012,bitcoin
1783432800000,62970.75330369699,bitcoin
1783436400000,63486.450632139335,bitcoin
1783440000000,63885.986846172644,bitcoin
1783443600000,63938.24971790085,bitcoin
1783447200000,64130.92438715023,bitcoin
1783450800000,63649.08531438454,bitcoin
1783454400000,63764.63742843316,bitcoin
1783458000000,63660.31888175797,bitcoin
1783461600000,63380.96891436147,bitcoin
1783465200000,63498.44034395726,bitcoin
1783468800000,63335.30929080668,bitcoin
1783472400000,63569.06947062163,bitcoin
1783476000000,62983.94974552543,bitcoin
1783479600000,62935.47091052445,bitcoin
1783483200000,62714.05077430487,bitcoin
1783486800000,62751.416881466364,bitcoin
1783490400000,62584.734326976926,bitcoin
1783494000000,62602.93008779971,bitcoin
1783497600000,62825.85352121147,bitcoin
1783501200000,61950.40109238474,bitcoin
1783504800000,62007.6886764349,bitcoin
1783508400000,62089.635876720946,bitcoin
1783512000000,62240.97912712117,bitcoin
1783515600000,61909.23376627462,bitcoin
1783519200000,61887.532843429006,bitcoin
1783522800000,61835.2666004988,bitcoin
1783526400000,61648.90217313566,bitcoin
1783530000000,62050.16078318395,bitcoin
1783533600000,62051.67952546592,bitcoin
1783537200000,62140.09278066513,bitcoin
1783540800000,62214.856944880965,bitcoin
1783544400000,62063.36742051212,bitcoin
1783548000000,62141.24462740812,bitcoin
1783551600000,62279.44155254896,bitcoin
1783555200000,62247.1304822092,bitcoin
1783558800000,62074.7513623188,bitcoin
1783562400000,61866.13698405671,bitcoin
1783566000000,61747.479639154524,bitcoin
1783569600000,61936.94992457636,bitcoin
1783573200000,62397.957693579076,bitcoin
1783576800000,62527.10404250948,bitcoin
1783580400000,62879.77429398299,bitcoin
1783584000000,62957.59182427295,bitcoin
1783587600000,62856.90138006597,bitcoin
1783591200000,62897.43397465162,bitcoin
1783594800000,62734.91768766964,bitcoin
1783598400000,62732.55716082812,bitcoin
1783602000000,62579.571400624045,bitcoin
1783605600000,62980.65637730707,bitcoin
1783609200000,62964.90107487005,bitcoin
1783612800000,62833.95271257189,bitcoin
1783616400000,62659.281125109286,bitcoin
1783620000000,63104.04351929872,bitcoin
1783623600000,63174.672279892744,bitcoin
1783627200000,63196.25237644041,bitcoin
1783630800000,63278.653986289144,bitcoin
1783634400000,63232.740987486606,bitcoin
1783638000000,63178.57062817138,bitcoin
1783641600000,63192.8789720319,bitcoin
1783645200000,63060.68971102164,bitcoin
1783648800000,63705.539778777485,bitcoin
1783652400000,63919.067360009634,bitcoin
1783656000000,63893.39412955135,bitcoin
1783659600000,64007.68623491499,bitcoin
1783663200000,64073.35753728802,bitcoin
1783666800000,63812.510570952385,bitcoin
1783670400000,63942.399697674635,bitcoin
1783674000000,64199.26056157696,bitcoin
1783677600000,64346.2641134911,bitcoin
1783681200000,64362.02707335361,bitcoin
1783684800000,64372.25109763776,bitcoin
1783688400000,64251.86525079619,bitcoin
1783692000000,64455.320777292036,bitcoin
1783695600000,63886.32268429611,bitcoin
1783699200000,63968.279968589326,bitcoin
1783702800000,64120.46916084442,bitcoin
1783706400000,63792.381398755584,bitcoin
1783710000000,63763.11020385153,bitcoin
1783713600000,63869.78037660399,bitcoin
1783717200000,63802.44067617916,bitcoin
1783720800000,63967.12715930827,bitcoin
1783724400000,64072.76853008213,bitcoin
1783728000000,64110.97482196822,bitcoin
1783731600000,64091.42507007665,bitcoin
1783735200000,63983.41083229639,bitcoin
1783738800000,64119.88800292327,bitcoin
1783742400000,64116.177010610685,bitcoin
1783746000000,64099.097718901954,bitcoin
1783749600000,64119.143326922946,bitcoin
1783753200000,64171.492200641675,bitcoin
1783756800000,64118.557750593056,bitcoin
1783760400000,64220.063484455146,bitcoin
1783764000000,64118.78099581732,bitcoin
1783767600000,64138.77369494904,bitcoin
1783771200000,64150.02623024641,bitcoin
1783774800000,64146.78145119195,bitcoin
1783778400000,64192.25773940937,bitcoin
1783782000000,64308.18379414751,bitcoin
1783785600000,64131.7633839745,bitcoin
1783789200000,64138.69597041778,bitcoin
1783792800000,64276.29407562891,bitcoin
1783796400000,64286.08006045195,bitcoin
1783800000000,64246.76012590603,bitcoin
1783803600000,64350.0082390251,bitcoin
1783807200000,64320.70483383847,bitcoin
1783810800000,64167.3886447212,bitcoin
1783814400000,63791.35305345348,bitcoin
1783818000000,63794.808827211295,bitcoin
1783821600000,64098.58951330608,bitcoin
1783825200000,64044.49152163299,bitcoin
1783828800000,64176.07178742682,bitcoin
1783832400000,63959.51578056909,bitcoin
1783836000000,63931.25081775874,bitcoin
1783839600000,63732.78202850527,bitcoin
1783843200000,63846.42268902817,bitcoin
1783846800000,63946.189974356836,bitcoin
1783850400000,63928.829324286344,bitcoin
1783854000000,63836.377296462466,bitcoin
1783857600000,63974.399429155834,bitcoin
1783861200000,63990.10128142025,bitcoin
1783864800000,63989.353318877074,bitcoin
1783868400000,64156.60291455562,bitcoin
1783872000000,64131.07432654836,bitcoin
1783875600000,64131.489644054636,bitcoin
1783879200000,64044.46003908295,bitcoin
1783882800000,64105.69548413126,bitcoin
1783886400000,64194.12338748146,bitcoin
1783890000000,64160.78688783381,bitcoin
1783893600000,63850.6368710657,bitcoin
1783897200000,63852.35786520847,bitcoin
1783900800000,63746.65595793199,bitcoin
1783904400000,63990.355421850014,bitcoin
1783908000000,63384.78719613907,bitcoin
1783911600000,63337.541527102614,bitcoin
1783915200000,62756.09650001006,bitcoin
1783918800000,62637.64163789639,bitcoin
1783922400000,62764.83991341181,bitcoin
1783926000000,62759.26969068076,bitcoin
1783929600000,62955.57917357154,bitcoin
1783933200000,63156.822541053385,bitcoin
1783936800000,63053.49063611894,bitcoin
1783940400000,62840.612207305,bitcoin
1783944000000,62858.88070762003,bitcoin
1783947600000,62581.66225369816,bitcoin
1783951200000,62276.90658596033,bitcoin
1783954800000,62741.16769743671,bitcoin
1783958400000,62573.58134965906,bitcoin
1783962000000,62217.025199934586,bitcoin
1783965600000,61858.794613329264,bitcoin
1783969200000,61961.396141225996,bitcoin
1783972800000,62219.801819354856,bitcoin
1783976400000,62156.85189451307,bitcoin
1783980000000,62015.41030205389,bitcoin
1783983600000,61864.28276488537,bitcoin
1783987200000,62278.96301585648,bitcoin
1783990800000,62490.89535720629,bitcoin
1783994400000,62474.12797882117,bitcoin
1783998000000,62487.93138383498,bitcoin
1784001600000,62512.573266577776,bitcoin
1784005200000,62680.6145141495,bitcoin
1784008800000,62660.627598708386,bitcoin
1784012400000,62550.38446654391,bitcoin
1784016000000,62488.790189337466,bitcoin
1784019600000,62641.524096547524,bitcoin
1784023200000,62565.282726610545,bitcoin
1784026800000,62733.96981630304,bitcoin
1784030400000,62790.32956590777,bitcoin
1784034000000,63877.51299855975,bitcoin
1784037600000,63784.228588189406,bitcoin
1784041200000,64210.675948758966,bitcoin
1784044800000,64694.415204925426,bitcoin
1784048400000,64696.439874549666,bitcoin
1784052000000,64584.781606909346,bitcoin
1784055600000,64531.44203944014,bitcoin
1784059200000,64545.07505954235,bitcoin
1784062800000,64519.025752289024,bitcoin
1784066400000,64627.64828971589,bitcoin
1784070000000,64827.80673508109,bitcoin
1784073600000,64983.51907427709,bitcoin
1784077200000,64792.86680266079,bitcoin
1784080800000,64630.23506459283,bitcoin
1784084400000,64458.30869139724,bitcoin
1784088000000,64744.45009394039,bitcoin
1784091600000,64715.80648590516,bitcoin
1784095200000,64879.81627741898,bitcoin
1784098800000,64783.19758395306,bitcoin
1784102400000,64530.524182337955,bitcoin
1784106000000,64716.71055190376,bitcoin
1784109600000,64616.81886670284,bitcoin
1784113200000,64612.437448741184,bitcoin
1784116800000,64686.69008829031,bitcoin
1784120400000,65111.93308545047,bitcoin
1784124000000,65079.88440645864,bitcoin
1784127600000,65335.576804317876,bitcoin
1784131200000,65387.62159866124,bitcoin
1784134800000,65067.83032281296,bitcoin
1784138400000,65010.00907758148,bitcoin
1784142000000,64846.32255831918,bitcoin
1784145600000,64921.50814886572,bitcoin
1784149200000,64934.53379667073,bitcoin
1784152800000,64789.01717833582,bitcoin
1784156400000,64831.35339546887,bitcoin
1784160000000,64717.168891130066,bitcoin
1784163600000,64545.16621464793,bitcoin
1784167200000,64692.94734170634,bitcoin
1784170800000,64607.590602563236,bitcoin
1784174400000,64567.10396801394,bitcoin
1784178000000,64558.78293880414,bitcoin
1784181600000,64869.47791318373,bitcoin
1784185200000,64723.389590961306,bitcoin
1784188800000,64182.02108745474,bitcoin
1784192400000,64079.39435103729,bitcoin
1784196000000,64049.4386090511,bitcoin
1784199600000,64174.59001587713,bitcoin
1784203200000,64204.48226389592,bitcoin
1784206800000,63945.50978403995,bitcoin
1784210400000,64344.93626245921,bitcoin
1784214000000,64498.6005411195,bitcoin
1784217600000,64680.84237509046,bitcoin
1784221200000,64449.77164733663,bitcoin
1784224800000,64037.21798936026,bitcoin
1784228400000,64215.01230594131,bitcoin
1784232000000,64229.24851396149,bitcoin
1784235600000,64084.19634418356,bitcoin
1784239200000,64122.72102157659,bitcoin
1784242800000,63923.907499119174,bitcoin
1784246400000,63792.28742743447,bitcoin
1784250000000,63832.03953498378,bitcoin
1784253600000,63496.16246760553,bitcoin
1784257200000,63445.3159894427,bitcoin
1784260800000,63524.34248366589,bitcoin
1784264400000,63443.601819222786,bitcoin
1784268000000,62785.42339504521,bitcoin
1784271600000,62864.421050545345,bitcoin
1784275200000,62780.84230106703,bitcoin
1784278800000,62841.96736320516,bitcoin
1784282400000,62950.34598737204,bitcoin
1784286000000,63133.918391769286,bitcoin
1784289600000,63266.07291378227,bitcoin
1784293200000,63058.534795407286,bitcoin
1784296800000,63099.81199700902,bitcoin
1784300400000,63133.988948750855,bitcoin
1784304000000,63394.666643039374,bitcoin
1784307600000,63553.746431086416,bitcoin
1784311200000,64019.481206967976,bitcoin
1784314800000,64214.46280690094,bitcoin
1784318400000,64095.80335122859,bitcoin
1784322000000,64090.061099254344,bitcoin
1784325600000,64069.77791683965,bitcoin
1784329200000,63944.348559784885,bitcoin
1784332800000,63904.954014943025,bitcoin
1784336400000,63868.736178374245,bitcoin
1784340000000,63923.10865317489,bitcoin
1784343600000,63923.85709721805,bitcoin
1784347200000,63977.59077184214,bitcoin
1784350800000,63927.21379097044,bitcoin
1784354400000,63922.88070666809,bitcoin
1784358000000,63940.42546196371,bitcoin
1784361600000,63970.06911990153,bitcoin
1784365200000,63958.52305482664,bitcoin
1784368800000,63947.240966667276,bitcoin
1784372400000,63976.135396909325,bitcoin
1784376000000,64028.76894030294,bitcoin
1784379600000,64176.7216305466,bitcoin
1784383200000,64065.752897134575,bitcoin
1784386800000,64087.72124536932,bitcoin
1784390400000,64080.70175689081,bitcoin
1784394000000,64258.050167853886,bitcoin
1784397600000,64438.1962187529,bitcoin
1784401200000,64475.039170875134,bitcoin
1784404800000,64523.54700498384,bitcoin
1784408400000,64650.143577498166,bitcoin
1784412000000,64694.949440125245,bitcoin
1784415600000,64769.13644793835,bitcoin
1784419200000,64795.70382303786,bitcoin
1784422800000,64741.96331923643,bitcoin
1784426400000,64728.75259336299,bitcoin
1784430000000,64796.94679341347,bitcoin
1784433600000,64665.03191583571,bitcoin
1784437200000,64677.74110835372,bitcoin
1784440800000,64685.22156014434,bitcoin
1784444400000,64667.0250362148,bitcoin
1784448000000,64657.52059343849,bitcoin
1784451600000,64666.907888415386,bitcoin
1784455200000,64478.896387868444,bitcoin
1784458800000,64535.193858915285,bitcoin
1784462400000,64420.93665855162,bitcoin
1784466000000,64395.7372606245,bitcoin
1784469600000,64438.34416403259,bitcoin
1784473200000,64551.82546151633,bitcoin
1784476800000,64530.81329125877,bitcoin
1784480400000,64495.851898628986,bitcoin
1784484000000,64507.764089738346,bitcoin
1784487600000,64362.75258907467,bitcoin
1784491200000,64412.038206422694,bitcoin
1784494800000,64488.94201917912,bitcoin
1784498400000,64366.93654623212,bitcoin
1784502000000,64628.105245044986,bitcoin
1784505600000,64670.40117470696,bitcoin
1784509200000,64516.54867392114,bitcoin
1784512800000,64575.1232294533,bitcoin
1784516400000,64787.12879677198,bitcoin
1784520000000,64798.492031713264,bitcoin
1784523600000,64512.06657755382,bitcoin
1784527200000,64079.848524521105,bitcoin
1784530800000,63863.59189319958,bitcoin
1784534400000,64213.42874977493,bitcoin
1784538000000,64003.075543638595,bitcoin
1784541600000,64152.84876195758,bitcoin
1784545200000,64256.83847030308,bitcoin
1784548800000,64925.43876258116,bitcoin
1784552400000,64597.58237740202,bitcoin
1784556000000,64283.72489397271,bitcoin
1784559600000,64356.35915265528,bitcoin
1784563200000,65552.03421705609,bitcoin
1784566800000,65437.07651339634,bitcoin
1784570400000,65540.29187479032,bitcoin
1784574000000,65189.166663755714,bitcoin
1784577600000,65104.567017052825,bitcoin
1784581200000,65315.770081313436,bitcoin
1784584800000,65240.7911290319,bitcoin
1784588400000,65095.60930514884,bitcoin
1784592000000,65184.92144270268,bitcoin
1784595600000,65526.632974593434,bitcoin
1784599200000,65194.40732020046,bitcoin
1784602800000,65372.455527077975,bitcoin
1784606400000,65516.68247383258,bitcoin
1784610000000,65470.7885127282,bitcoin
1784613600000,65705.84258689471,bitcoin
1784617200000,65863.05067368706,bitcoin
1784620800000,66144.10625273176,bitcoin
1784624400000,66176.76995730515,bitcoin
1784628000000,66259.96368444791,bitcoin
1784631600000,66147.22146767423,bitcoin
1784635200000,66290.24577207127,bitcoin
1784638800000,66508.46205728622,bitcoin
1784642400000,66727.93345004696,bitcoin
1784646000000,66803.0023102409,bitcoin
1784649600000,66653.6645601238,bitcoin
1784653200000,66516.61188074276,bitcoin
1784656800000,66175.68149701797,bitcoin
1784660400000,66282.65838597127,bitcoin
1784664000000,66410.97769455807,bitcoin
1784667600000,66357.02409226363,bitcoin
1784671200000,66338.34521781663,bitcoin
1784674800000,66264.36028989237,bitcoin
1784678400000,66520.98164575922,bitcoin
1784682000000,66608.6028542205,bitcoin
1784685600000,66378.16513308052,bitcoin
1784689200000,66273.30427757863,bitcoin
1784692800000,66165.6543167303,bitcoin
1784696400000,66336.76238504669,bitcoin
1784700000000,65940.27454428056,bitcoin
1784703600000,65895.48564329921,bitcoin
1784707200000,65809.93941023071,bitcoin
1784710800000,65940.90781431843,bitcoin
1784714400000,65885.38520328223,bitcoin
1784718000000,65995.09306174285,bitcoin
1784721600000,65966.71458499001,bitcoin
1784725200000,65589.33695518678,bitcoin
1784728800000,65904.713741556,bitcoin
1784732400000,65754.18601259236,bitcoin
1784736000000,66006.98530857396,bitcoin
1784739600000,66196.17192998689,bitcoin
1784743200000,65992.28860844017,bitcoin
1784746800000,65865.87837487298,bitcoin
1784750400000,65886.78165545003,bitcoin
1784754000000,65888.67421297851,bitcoin
1784757600000,66030.11262485114,bitcoin
1784761200000,66004.18435026078,bitcoin
1784764800000,66077.05646514206,bitcoin
1784768400000,66029.67860238874,bitcoin
1784772000000,65794.55194410743,bitcoin
1784775600000,65772.28356313553,bitcoin
1784779200000,65626.22165913803,bitcoin
1784782800000,65575.31845132985,bitcoin
1784786400000,65659.14234800522,bitcoin
1784790000000,65744.92147874119,bitcoin
1784793600000,65398.208929645494,bitcoin
1784797200000,65612.71775530875,bitcoin
1784800800000,65610.54474665411,bitcoin
1784804400000,65693.05796071362,bitcoin
1784808000000,65529.112191747015,bitcoin
1784811600000,65113.664574500224,bitcoin
1784815200000,64867.53789025435,bitcoin
1784818800000,64862.99911001275,bitcoin
1784822400000,64914.04659895385,bitcoin
1784826000000,64748.26972143978,bitcoin
1784829600000,64623.597308365934,bitcoin
1784833200000,64821.7238066609,bitcoin
1784836800000,64804.78307554462,bitcoin
1784840400000,65101.490611626396,bitcoin
1784844000000,65109.65311337383,bitcoin
1784847600000,65155.994151205734,bitcoin
1784851200000,65052.47667067735,bitcoin
1784854800000,64924.633922484274,bitcoin
1784858400000,65041.877535383785,bitcoin
1784862000000,65064.34901166502,bitcoin
1784865600000,65405.69476230466,bitcoin
1784869200000,65245.01249667239,bitcoin
1784872800000,65264.237508624734,bitcoin
1784876400000,65430.879449839886,bitcoin
1784880000000,65458.75252141682,bitcoin
1784883600000,65269.53680827472,bitcoin
1784887200000,65070.61232173855,bitcoin
1784890800000,64903.30115371774,bitcoin
1784894400000,65032.78728397135,bitcoin
1784898000000,64730.18213338545,bitcoin
1784901600000,64058.33759078002,bitcoin
1784905200000,63969.19709808866,bitcoin
1784908800000,64064.718727622385,bitcoin
1784912400000,63923.958735543565,bitcoin
1784916000000,64120.17271325615,bitcoin
1784919600000,64211.28566501393,bitcoin
1784923200000,64167.411109569155,bitcoin
1784926800000,64116.23612239223,bitcoin
1784930400000,64079.32321354111,bitcoin
1784934000000,64113.07150941288,bitcoin
1784937600000,64092.64739795451,bitcoin
1784941200000,64020.225183162715,bitcoin
1784944800000,64019.79077565233,bitcoin
1784948400000,63970.53230108016,bitcoin
1784952000000,64033.81262421634,bitcoin
1784955600000,64123.791845981956,bitcoin
1784959200000,63971.213584316094,bitcoin
1784962800000,63959.37383969315,bitcoin
1784966400000,63962.54876555473,bitcoin
1784970000000,63813.4017646811,bitcoin
1784973600000,63938.29547778731,bitcoin
1784977200000,64000.26301814779,bitcoin
1784980800000,64009.25225473148,bitcoin
1784984400000,64062.99569832132,bitcoin
1784988000000,64116.01131521579,bitcoin
1784991600000,64160.57983557727,bitcoin
1784995200000,64131.638269277835,bitcoin
1784998800000,64151.368644130474,bitcoin
1785002400000,64203.34603805773,bitcoin
1785006000000,64366.74348911011,bitcoin
1785009600000,64342.35425425845,bitcoin
1785013200000,64284.54997918405,bitcoin
1785016800000,64296.444226573774,bitcoin
1785020400000,64360.907189447404,bitcoin
1785024000000,64318.24520120312,bitcoin
1785027600000,64445.76561152186,bitcoin
1785031200000,64412.03401837945,bitcoin
1785034800000,64471.738132038525,bitcoin
1785038400000,64494.02610156758,bitcoin
1785042000000,64474.84703500464,bitcoin
1785045600000,64372.810018421515,bitcoin
1785049200000,64384.6094796416,bitcoin
1785052800000,64321.80195692713,bitcoin
1785056400000,64432.95709712848,bitcoin
1785060000000,64491.05682150145,bitcoin
1785063600000,64472.25858372386,bitcoin
1785067200000,64462.43247949253,bitcoin
1785070800000,64421.51106640932,bitcoin
1785074400000,64470.58891761988,bitcoin
1785078000000,64663.20216245731,bitcoin
1785081600000,64716.98944020147,bitcoin
1785085200000,64689.38557208252,bitcoin
1785088800000,64636.9706844601,bitcoin
1785092400000,64689.55972728354,bitcoin
1785096000000,64645.796877591536,bitcoin
1785099600000,64601.093403176994,bitcoin
1785103200000,64804.9257925399,bitcoin
1785106800000,65362.00088792891,bitcoin
1785110400000,65343.824510845894,bitcoin
1785114000000,65061.84727266469,bitcoin
1785117600000,65150.49424283988,bitcoin
1785121200000,65128.267600151485,bitcoin
1785124800000,65224.027021430855,bitcoin
1785128400000,65236.694183138214,bitcoin
1785132000000,65408.21549691101,bitcoin
1785135600000,65365.469778632694,bitcoin
1785139200000,65182.61297577938,bitcoin
1785142800000,65114.73417707798,bitcoin
1785146400000,65210.561170727895,bitcoin
1785150000000,65286.66679203276,bitcoin
1785153600000,65066.99726006093,bitcoin
1785157200000,65029.765058746285,bitcoin
1785160800000,65170.16366825476,bitcoin
1785164400000,64612.43209030783,bitcoin
1785168000000,64497.61966783305,bitcoin
1785171600000,64834.730206637236,bitcoin
1785175200000,64964.08618599985,bitcoin
1785178800000,64804.26750163853,bitcoin
1785182400000,64907.15537511792,bitcoin
1785186000000,64898.36836214344,bitcoin
1785189600000,64757.26716845599,bitcoin
1785193200000,63750.48461114216,bitcoin
1785196800000,63701.35288114535,bitcoin
1785200400000,63438.98579347282,bitcoin
1785204000000,63174.38877194167,bitcoin
1785207600000,63127.950842392565,bitcoin
1785211200000,63272.87476274653,bitcoin
1785214800000,63276.45408994828,bitcoin
1785218400000,63401.029321496426,bitcoin
1785222000000,63571.55507249746,bitcoin
1785225600000,63443.31578130144,bitcoin
1785229200000,63363.398509032464,bitcoin
1785232800000,63336.48522623557,bitcoin
1785236400000,63422.97587485101,bitcoin
1785240000000,63425.18050174853,bitcoin
1785243600000,63488.669026780204,bitcoin
1785247200000,63058.524145396004,bitcoin
1785250800000,63351.3165590749,bitcoin
1785254400000,63858.41580163528,bitcoin
1785258000000,63984.102457787296,bitcoin
1785261600000,63629.60535726918,bitcoin
1785265200000,63678.706006236825,bitcoin
1785268800000,63820.033293065615,bitcoin
1785272400000,63859.45561906585,bitcoin
1785276000000,63927.80662374157,bitcoin
1785279600000,63735.080643523936,bitcoin
1785283200000,63881.94327943538,bitcoin
1785286800000,63893.03613689098,bitcoin
1785290400000,63640.64983452888,bitcoin
1785294000000,63903.65234428861,bitcoin
1785297600000,63669.69145124358,bitcoin
1785301200000,63898.1491890456,bitcoin
1785304800000,64003.20842086781,bitcoin
1785308400000,64378.88853802366,bitcoin
1785312000000,64506.78450284194,bitcoin
1785315600000,64360.3831909608,bitcoin
1785319200000,64650.0244678921,bitcoin
1785322800000,64413.83668301173,bitcoin
1785326400000,64444.04276182142,bitcoin
1785330000000,64217.50283807444,bitcoin
1785333600000,64551.79190065818,bitcoin
1785337200000,64070.564660084136,bitcoin
1785340800000,63905.24973070045,bitcoin
1785344400000,63744.44389102035,bitcoin
1785348000000,64250.21690005848,bitcoin
1785351600000,64430.91486096681,bitcoin
1785355200000,63528.92348967319,bitcoin
1785358800000,63450.0278931278,bitcoin
1785362400000,63782.51292898714,bitcoin
1785366000000,63874.12756251339,bitcoin
1785369600000,63916.59794922001,bitcoin
1785373200000,63620.88920292307,bitcoin
1785376800000,64195.999287649065,bitcoin
1785380400000,64112.042526659934,bitcoin
1785384000000,64091.60204013147,bitcoin
1785387600000,63955.586480693826,bitcoin
1785391200000,63954.09650570759,bitcoin
1785394800000,63921.01515185131,bitcoin
1785398400000,63941.79333543078,bitcoin
1785402000000,64231.80493309029,bitcoin
1785405600000,64499.34835654316,bitcoin
1785409200000,64505.227180431546,bitcoin
1785412800000,64731.1948114486,bitcoin
1785416400000,64859.231162952216,bitcoin
1785420000000,64973.87324351556,bitcoin
1785423600000,64633.07340110613,bitcoin
1785427200000,64669.422259851795,bitcoin
1785430800000,64763.5392609058,bitcoin
1785434400000,64818.84203888696,bitcoin
1785438000000,64649.683981541995,bitcoin
1785441600000,64754.32573972175,bitcoin
1785445200000,64727.155512423975,bitcoin
1785448800000,64670.19766059977,bitcoin
1785452400000,64803.41085216521,bitcoin
1785456000000,64743.33714554026,bitcoin
1785459600000,64685.436320793015,bitcoin
1785463200000,64511.18975387566,bitcoin
1785466800000,64240.295465610456,bitcoin
1785470400000,64332.08523025714,bitcoin
1785474000000,64264.964864857815,bitcoin
1785477600000,64309.37227146735,bitcoin
1785481200000,64180.13519893875,bitcoin
1785484800000,63876.79120580656,bitcoin
1785488400000,63781.05740897103,bitcoin
1785492000000,63659.40503803747,bitcoin
1785495600000,63868.32582021358,bitcoin
1785499200000,63746.84303994187,bitcoin
1785502800000,63692.123552319645,bitcoin
1785506400000,63214.86238259336,bitcoin
1785510000000,62608.42664681463,bitcoin
1785513600000,62651.99283287917,bitcoin
1785517200000,62821.8266415578,bitcoin
1785520800000,63187.99116177151,bitcoin
1785524400000,63048.975665067315,bitcoin
1785528000000,62920.435515318764,bitcoin
1785531600000,62890.49015280249,bitcoin
1785535200000,62891.825750823875,bitcoin
1785538800000,62888.41183407792,bitcoin
1785542400000,62820.08613814001,bitcoin
1785546000000,62882.76098591302,bitcoin
1785549600000,62911.89920031998,bitcoin
1785553200000,63008.3513503476,bitcoin
1785556800000,62943.11077810555,bitcoin
1785560400000,63044.73978549714,bitcoin
1785564000000,62969.89831327465,bitcoin
1785567600000,63021.66293365709,bitcoin
1785571200000,62993.380062530334,bitcoin
1785574800000,63075.833178521934,bitcoin
1785578400000,63003.45077211758,bitcoin
1785582000000,62995.49482465422,bitcoin
1785585600000,63022.50867475824,bitcoin
1785589200000,63046.4991374778,bitcoin
1785592800000,63012.81033922651,bitcoin
1785596400000,63056.11946854188,bitcoin
1785600000000,62957.98768376765,bitcoin
1785603600000,62870.44563767862,bitcoin
1785607200000,62655.23456316563,bitcoin
1785610800000,62527.485479923926,bitcoin
1785614400000,62469.79374533922,bitcoin
1785618000000,62613.7794519745,bitcoin
1785621600000,62763.3269294857,bitcoin
1785625200000,62780.240317159834,bitcoin
1785628800000,62772.57726413174,bitcoin
1785632400000,62778.40781561159,bitcoin
1785636000000,62935.22974822573,bitcoin
1785639600000,63385.38904890523,bitcoin
1785643200000,63403.45259236277,bitcoin
1785646800000,63537.122537550946,bitcoin
1785650400000,63396.75087046103,bitcoin
1785654000000,63429.63965192818,bitcoin
1785657600000,63446.36451256824,bitcoin
1785661200000,63138.66399034273,bitcoin
1785664800000,63216.010014811865,bitcoin
1785668400000,63143.051510421,bitcoin
1785672000000,62972.35303610165,bitcoin
1785675600000,63070.10234877578,bitcoin
1785679200000,63063.862544006246,bitcoin
1785682800000,63015.308606053935,bitcoin
1785686400000,63053.19740904984,bitcoin
1785690000000,63132.67413697742,bitcoin
1785693600000,63249.62124537297,bitcoin
1785697200000,63321.738301800026,bitcoin
1785700800000,63396.10660784969,bitcoin
1785704400000,63438.540730363035,bitcoin
1785708000000,63528.38768590849,bitcoin
1785711600000,63371.39792591177,bitcoin
1785715200000,63504.41559755184,bitcoin
1785718800000,63244.530334644485,bitcoin
1785722400000,63144.81531247444,bitcoin
1785726000000,63073.35491246018,bitcoin
1785729600000,62823.598278399666,bitcoin
1785733200000,62736.620793481656,bitcoin
1785736800000,62763.29133435869,bitcoin
1785740400000,62565.978863857184,bitcoin
1785744000000,62548.80716928854,bitcoin
1785747600000,62470.42593037281,bitcoin
1785751200000,62769.04036061913,bitcoin
1785754800000,62676.60294508105,bitcoin
1785758400000,62491.486315840346,bitcoin
1785762000000,62627.564638949276,bitcoin
1785765600000,63291.538881521425,bitcoin
1785769200000,63889.312038499076,bitcoin
1785772800000,63616.510598398614,bitcoin
1785776400000,63711.08095881092,bitcoin
1785780000000,63843.49984978852,bitcoin
1785783600000,63812.89602189246,bitcoin
1785787200000,63825.8225541203,bitcoin
1785790800000,63740.98525485744,bitcoin
1785794400000,63547.0878451625,bitcoin
1785798000000,63550.00771719652,bitcoin
1785801600000,63465.19968911304,bitcoin
1785805200000,63302.396564862815,bitcoin
1785808800000,63794.390862623295,bitcoin
1785812400000,63759.920838341786,bitcoin
1785816000000,63743.692138911865,bitcoin
1785819600000,63993.38908442256,bitcoin
1785823200000,63755.329515754,bitcoin
1785826800000,63613.509549905284,bitcoin
1785830400000,63642.575412476406,bitcoin
1785834000000,63520.68656950381,bitcoin
1785837600000,63525.55914200457,bitcoin
1785841200000,63703.61002833607,bitcoin
1785844800000,63854.918098197515,bitcoin
1785848400000,63855.067843844176,bitcoin
1785852000000,63635.17651095893,bitcoin
1785855600000,64087.650175336465,bitcoin
1785859200000,64073.924173763924,bitcoin
1785862800000,63898.007942178105,bitcoin
1785866400000,63928.20736980068,bitcoin
1785870000000,64253.34762955828,bitcoin
1785873600000,64231.81422644689,bitcoin
1785877200000,64296.77703874863,bitcoin
1785880800000,64149.20942886199,bitcoin
1785884400000,64217.988220291576,bitcoin
1785888000000,64062.173729779366,bitcoin
1785891600000,63950.61322716558,bitcoin
1785895200000,64282.339946271146,bitcoin
1785898800000,64318.958857120524,bitcoin
1785902400000,64132.87066488696,bitcoin
1785906000000,64120.049352220885,bitcoin
1785909600000,64295.64750078792,bitcoin
1785913200000,64207.841837289154,bitcoin
1785916800000,64103.61602982511,bitcoin
1785920400000,64066.65845144408,bitcoin
1785924000000,64103.13982745439,bitcoin
1785927600000,64012.489730242705,bitcoin
1785931200000,64026.7720288787,bitcoin
1785934800000,64291.17224369781,bitcoin
1785938400000,64333.561507422535,bitcoin
1785942000000,64430.20571478365,bitcoin
1785945600000,64347.649229676834,bitcoin
1785949200000,64611.05480613296,bitcoin
1785952800000,64714.4970239526,bitcoin
1785956400000,64736.956797179526,bitcoin
1785960000000,64820.076142659,bitcoin
1785963600000,64785.11077558859,bitcoin
1785967200000,64680.66755475469,bitcoin
1785970800000,64579.56783651476,bitcoin
1785974400000,64608.705388357404,bitcoin
1785978000000,64592.281626742784,bitcoin
1785981600000,64529.02643755449,bitcoin
1785985200000,64518.074033310455,bitcoin
1785988800000,64467.770475208476,bitcoin
1785992400000,64663.60871849318,bitcoin
1785996000000,64827.94715428607,bitcoin
1785999600000,64783.44233049774,bitcoin
1786003200000,64749.94991887707,bitcoin
1786006800000,64876.98442028064,bitcoin
1786010400000,64613.25543423672,bitcoin
1786014000000,64551.30244293012,bitcoin
1786017600000,64553.901361815755,bitcoin
1786021200000,64361.12831991846,bitcoin
1786024800000,64379.65435470349,bitcoin
1786028400000,64722.45860948782,bitcoin
1786032000000,64605.61557554957,bitcoin
1786035600000,64699.767007512106,bitcoin
1786039200000,64568.68546810871,bitcoin
1786042800000,64365.21003403685,bitcoin
1786046400000,64389.72226840333,bitcoin
1786050000000,64390.54325704309,bitcoin
1786053600000,64391.75846188726,bitcoin
1786057200000,64302.927405052425,bitcoin
1786060800000,64262.74830979173,bitcoin
1786064400000,64262.90511569206,bitcoin
1786068000000,64364.78481592866,bitcoin
1786071600000,64347.38927001825,bitcoin
1786075200000,64234.27272195896,bitcoin
1786078800000,64192.90875272706,bitcoin
1786082400000,64287.853842668184,bitcoin
1786086000000,64252.00096476025,bitcoin
1786089600000,64266.49137826014,bitcoin
1786093200000,64549.00195771462,bitcoin
1786096800000,64789.19273268005,bitcoin
1786100400000,64845.84683200394,bitcoin
1786104000000,64973.90684876585,bitcoin
1786107600000,65241.39870577239,bitcoin
1786111200000,64977.211697396146,bitcoin
1786114800000,64918.58850576054,bitcoin
1786118400000,64890.3693115144,bitcoin
1786122000000,64784.443235545856,bitcoin
1786125600000,64717.55365296767,bitcoin
1786129200000,64681.58780407244,bitcoin
1786132800000,64924.48832316786,bitcoin
1786136400000,64932.89561541767,bitcoin
1786140000000,64893.94834551407,bitcoin
1786143600000,64850.448382153656,bitcoin
1786147200000,64879.7560855934,bitcoin
1786150800000,64883.781921085414,bitcoin
1786154400000,64878.44290990822,bitcoin
1786158000000,64888.60024243567,bitcoin
1786161600000,64991.800307001715,bitcoin
1786165200000,64974.34511475399,bitcoin
1786168800000,64957.319898406,bitcoin
1786172400000,64971.202151693644,bitcoin
1786176000000,64926.53145827044,bitcoin
1786179600000,64955.56049646456,bitcoin
1786183200000,64953.96139341334,bitcoin
1786186800000,64966.51707986603,bitcoin
1786190400000,64929.03814455765,bitcoin
1786194000000,64967.17250978196,bitcoin
1786197600000,64973.31853419001,bitcoin
1786201200000,65091.586338816014,bitcoin
1786204800000,65036.76339051263,bitcoin
1786208400000,65039.855667855074,bitcoin
1786212000000,65070.90755918463,bitcoin
1786215600000,64996.35672497409,bitcoin
1786219200000,65029.86941572282,bitcoin
1786222800000,65033.19724140798,bitcoin
1786226400000,64970.595472780034,bitcoin
1786230000000,64906.29560481423,bitcoin
1786233600000,64917.23929330571,bitcoin
1786237200000,64930.16988675851,bitcoin
1786240800000,64821.736551433125,bitcoin
1786244400000,64777.43245005261,bitcoin
1786248000000,64746.24640603082,bitcoin
1786251600000,64742.165175431466,bitcoin
1786255200000,64757.534520212444,bitcoin
1786258800000,64808.68595819708,bitcoin
1786262400000,64784.28632322148,bitcoin
1786266000000,64776.107760186096,bitcoin
1786269600000,64827.034541497196,bitcoin
1786273200000,64912.19259865948,bitcoin
1786276800000,64906.2713042924,bitcoin
1786280400000,64908.10005558104,bitcoin
1786284000000,65171.70960979203,bitcoin
1786287600000,65211.91638656913,bitcoin
1786291200000,65187.34268543269,bitcoin
1786294800000,65187.438808289626,bitcoin
1786298400000,65156.107326992525,bitcoin
1786302000000,65157.33057894149,bitcoin
1786305600000,65140.38760870087,bitcoin
1786309200000,65097.39156558012,bitcoin
1786312800000,65160.37598329928,bitcoin
1786316400000,65029.73017130765,bitcoin
1786320000000,64856.097825382276,bitcoin
1786323600000,64921.25010696196,bitcoin
1786327200000,65146.98539896946,bitcoin
1786330800000,65050.92775618636,bitcoin
1786334400000,64926.61865449755,bitcoin
1786338000000,64963.519059919934,bitcoin
1786341600000,65094.117820878906,bitcoin
1786345200000,65248.67295158608,bitcoin
1786348800000,65167.213663218245,bitcoin
1786352400000,65195.68633970625,bitcoin
1786356000000,64917.33581821922,bitcoin
1786359600000,64962.770897856935,bitcoin
1786363200000,65067.14612088838,bitcoin
1786366800000,64823.06855440583,bitcoin
1786370400000,64504.87043578211,bitcoin
1786374000000,64580.08513698282,bitcoin
1786377600000,64227.27646268125,bitcoin
1786381200000,63840.93020728684,bitcoin
1786384800000,63892.11420985093,bitcoin
1786388400000,63838.22058073376,bitcoin
1786392000000,63973.13623771109,bitcoin
1786395600000,64103.631399788326,bitcoin
1786399200000,63933.972785363185,bitcoin
1786402800000,63959.64355474596,bitcoin
1786406400000,63915.71213556821,bitcoin
1786410000000,63981.67534094522,bitcoin
1786413600000,64013.0197751689,bitcoin
1786417200000,63987.500225201475,bitcoin
1786420800000,64084.512233362526,bitcoin
1786424400000,63969.548506599895,bitcoin
1786428000000,63943.63242630121,bitcoin
1786431600000,63899.78853749887,bitcoin
1786435200000,64005.60344741368,bitcoin
1786438800000,64078.127040366926,bitcoin
1786442400000,64228.37489652754,bitcoin
1786446000000,64187.59814192965,bitcoin
1786449600000,64338.89343571287,bitcoin
1786453200000,64299.68705896488,bitcoin
1786456800000,64182.22631568661,bitcoin
1786460400000,63717.8101572953,bitcoin
1786464000000,63561.0383467955,bitcoin
1786467600000,63459.53175568126,bitcoin
1786471200000,63545.21783083028,bitcoin
1786474800000,63312.694402340094,bitcoin
1786478400000,63474.26282448312,bitcoin
1786482000000,63681.01588484284,bitcoin
1786485600000,63623.55117550987,bitcoin
1786489200000,63614.06881811433,bitcoin
1786492800000,63537.55988964766,bitcoin
1786496400000,63689.061367716,bitcoin
1786500000000,63761.047124254495,bitcoin
1786503600000,63679.47238781192,bitcoin
1786507200000,63773.80880878046,bitcoin
1786510800000,63718.3939824206,bitcoin
1786514400000,63782.06682273836,bitcoin
1786518000000,63642.89363336196,bitcoin
1786521600000,63763.800734015305,bitcoin
1786525200000,63733.95353057831,bitcoin
1786528800000,64048.61366886717,bitcoin
1786532400000,64092.90806681466,bitcoin
1786536000000,64181.4177302335,bitcoin
1786539600000,64070.60628088705,bitcoin
1786543200000,63784.21064350375,bitcoin
1786546800000,63317.67085189585,bitcoin
1786550400000,63384.7882093211,bitcoin
1786554000000,63434.34135659124,bitcoin
1786557600000,63410.30532735148,bitcoin
1786561200000,63330.69946315327,bitcoin
1786564800000,63355.10675260609,bitcoin
1786568400000,63525.24734422619,bitcoin
1786572000000,63415.52706407907,bitcoin
1786575600000,63369.41905225762,bitcoin
1786579200000,63408.625697113624,bitcoin
1786582800000,63504.7637721623,bitcoin
1786586400000,63402.068403911784,bitcoin
1786590000000,63486.86595222896,bitcoin
1786593600000,63585.54151306996,bitcoin
1786597200000,63636.58188426853,bitcoin
1786600800000,63817.464427205356,bitcoin
1786604400000,63872.55836974137,bitcoin
1786608000000,63808.407329993664,bitcoin
1786611600000,63709.087979671305,bitcoin
1786615200000,63741.669102566724,bitcoin
1786618800000,63591.226200807796,bitcoin
1786622400000,63408.23142353863,bitcoin
1786626000000,63634.86677886916,bitcoin
1786629600000,63652.08273290709,bitcoin
1786633200000,63815.453359095525,bitcoin
1786636800000,63401.298765362255,bitcoin
1786640400000,63061.808897657276,bitcoin
1786644000000,63089.6589821604,bitcoin
1786647600000,63253.26387148011,bitcoin
1786651200000,63348.80377496922,bitcoin
1786654800000,63344.29952858219,bitcoin
1786658400000,63417.214907609006,bitcoin
1786662000000,63475.08612169292,bitcoin
1786665600000,63429.17906286841,bitcoin
1786669200000,63481.25601936451,bitcoin
1786672800000,63513.29452934755,bitcoin
1786676400000,63422.04788788586,bitcoin
1786680000000,63277.505851880036,bitcoin
1786683600000,63311.36450145151,bitcoin
1786687200000,63351.88300325618,bitcoin
1786690800000,62915.42176685937,bitcoin
1786694400000,62871.97528092776,bitcoin
1786698000000,62874.788984946375,bitcoin
1786701600000,62718.49376116481,bitcoin
1786705200000,62752.77530783759,bitcoin
1786708800000,62822.24207508047,bitcoin
1786712400000,62675.53203107954,bitcoin
1786716000000,62575.57300838414,bitcoin
1786719600000,62575.05117640368,bitcoin
1786723200000,62938.94185062359,bitcoin
1786726800000,63074.16141661424,bitcoin
1786730400000,62947.83733432764,bitcoin
1786734000000,62863.41493276841,bitcoin
1786737600000,62899.16125413761,bitcoin
1786741200000,62848.73561827566,bitcoin
1786744800000,62864.91750277205,bitcoin
1786748400000,62829.82451631032,bitcoin
1786752000000,62984.28959582886,bitcoin
1786755600000,62959.020399589834,bitcoin
1786759200000,62984.560804532324,bitcoin
1786762800000,63075.20954725237,bitcoin
1786766400000,62993.64686315622,bitcoin
1786770000000,63064.461933311264,bitcoin
1786773600000,63029.88219350657,bitcoin
1786777200000,63056.18471238017,bitcoin
1786780800000,63020.41823015727,bitcoin
1786784400000,62879.52138602643,bitcoin
1786788000000,62968.70612462649,bitcoin
1786791600000,62980.93432376597,bitcoin
1786795200000,62959.89459290653,bitcoin
1786798800000,62986.960981818425,bitcoin
1786802400000,62996.31237232209,bitcoin
1786806000000,62981.664765813024,bitcoin
1786809600000,63041.13901639061,bitcoin
1786813200000,63037.00396331667,bitcoin
1786816800000,63008.94500446156,bitcoin
1786820400000,62993.70114557048,bitcoin
1786824000000,63063.40824351767,bitcoin
1786827600000,63043.359786471054,bitcoin
1786831200000,63099.90357904285,bitcoin
1786834800000,63076.88847073649,bitcoin
1786838400000,63031.04825975698,bitcoin
1786842000000,63026.59822523408,bitcoin
1786845600000,63024.52145938261,bitcoin
1786849200000,63068.423175346055,bitcoin
1786852800000,63074.58460926518,bitcoin
1786856400000,63041.31239712379,bitcoin
1786860000000,63012.24310239301,bitcoin
1786863600000,63015.2386910052,bitcoin
1786867200000,63007.2882354478,bitcoin
1786870800000,63016.681736113525,bitcoin
1786874400000,62938.045504395865,bitcoin
1786878000000,62954.007865844076,bitcoin
1786881600000,62955.61808621155,bitcoin
1786885200000,62964.78297594083,bitcoin
1786888800000,63005.698278632524,bitcoin
1786892400000,63045.45440142677,bitcoin
1786896000000,63086.1217944101,bitcoin
1786899600000,63201.049074677474,bitcoin
1786903200000,63100.98084291131,bitcoin
1786906800000,63087.15019059952,bitcoin
1786910400000,63056.452393376916,bitcoin
1786914000000,63013.630293589886,bitcoin
1786917600000,62894.59271109232,bitcoin
1786921200000,62837.382987077195,bitcoin
1786924800000,62843.70368466329,bitcoin
1786928400000,62856.40917575992,bitcoin
1786932000000,63069.34140921656,bitcoin
1786935600000,63350.1906229179,bitcoin
1786939200000,63396.47170987772,bitcoin
1786942800000,63489.131405128144,bitcoin
1786946400000,63467.90027489531,bitcoin
1786950000000,63607.93511526065,bitcoin
1786953600000,63481.535981923385,bitcoin
1786957200000,63326.431998602755,bitcoin
1786960800000,63261.753456538805,bitcoin
1786964400000,63612.58725649707,bitcoin
1786968000000,63566.842736501225,bitcoin
1786971600000,63496.76290564356,bitcoin
1786975200000,63598.70569612954,bitcoin
1786978800000,63818.55305981763,bitcoin
1786982400000,64142.28936613087,bitcoin
1786986000000,64057.6832839486,bitcoin
1786989600000,64278.142511779304,bitcoin
1786993200000,64371.149002416234,bitcoin
1786996800000,64241.03743533318,bitcoin
1787000400000,64341.446093494706,bitcoin
1787004000000,64333.108425393846,bitcoin
1787007600000,64239.05708328847,bitcoin
1787011200000,64491.345282946255,bitcoin
1787014800000,64321.133481444536,bitcoin
1787018400000,64142.37370958817,bitcoin
1787022000000,64043.438153160605,bitcoin
1787025600000,64121.610806267905,bitcoin
1787029200000,64152.4092356144,bitcoin
1787032800000,64181.797885533524,bitcoin
1787036400000,64259.768446518225,bitcoin
1787040000000,64141.5681057857,bitcoin
1787043600000,64217.99410529414,bitcoin
1787047200000,64113.131516149195,bitcoin
1787050800000,64143.146452954694,bitcoin
1787054400000,64283.73806375364,bitcoin
1787058000000,64157.62131397192,bitcoin
1787061600000,64165.81470769047,bitcoin
1787065200000,64693.18187463143,bitcoin
1787068800000,64817.622769279034,bitcoin
1787072400000,64790.82377426676,bitcoin
1787076000000,64633.935075403606,bitcoin
1787079600000,64735.12660587504,bitcoin
1787083200000,64608.08190950003,bitcoin
1787086800000,64547.98463837647,bitcoin
1787090400000,64560.88328806326,bitcoin
1787094000000,64595.783635717016,bitcoin
1787097600000,64686.25782561655,bitcoin
1787101200000,64452.31711578264,bitcoin
1787104800000,64358.657923674895,bitcoin
1787108400000,64307.0555094849,bitcoin
1787112000000,64282.74748343018,bitcoin
1787115600000,64269.98266265912,bitcoin
1787119200000,64196.773428830034,bitcoin
1787122800000,64292.979289674884,bitcoin
1787126400000,64249.82027485047,bitcoin
1787130000000,64368.06288435155,bitcoin
1787133600000,64373.182382151004,bitcoin
1787137200000,64400.501085684926,bitcoin
1787140800000,64463.48880683975,bitcoin
1787144400000,64817.74091095421,bitcoin
1787148000000,64988.84033830409,bitcoin
1787151600000,65888.13114700055,bitcoin
1787155200000,68529.2604448789,bitcoin
1787158800000,68446.0506654718,bitcoin
1787162400000,68177.48759530894,bitcoin
1787166000000,68363.69093179365,bitcoin
1787169600000,68413.7738008957,bitcoin
1787173200000,69051.13834939648,bitcoin
1787176800000,69709.88783908814,bitcoin
1787180400000,69221.13960793983,bitcoin
1787184000000,69291.0104297816,bitcoin
1787187600000,69371.09419653316,bitcoin
1787191200000,69678.75316831222,bitcoin
1787194800000,69254.31368667162,bitcoin
1787198400000,69147.02249937781,bitcoin
1787202000000,69447.45529598776,bitcoin
1787205600000,69357.96397327346,bitcoin
1787209200000,69805.54705248833,bitcoin
1787212800000,69760.08785312675,bitcoin
1787216400000,71557.12878114937,bitcoin
1787220000000,71725.38179193603,bitcoin
1787223600000,71925.06682629428,bitcoin
1787227200000,71877.57267444955,bitcoin
1787230800000,71889.217266767,bitcoin
1787234400000,71618.68288965462,bitcoin
1787238000000,71748.96417152091,bitcoin
1787241600000,72425.67227407642,bitcoin
1787245200000,72784.72068116134,bitcoin
1787248800000,72758.30528271197,bitcoin
1787252400000,72408.47169123203,bitcoin
1787256000000,72643.17015936306,bitcoin
1787259600000,72642.87853789292,bitcoin
1787263200000,72720.75785176031,bitcoin
1787266800000,72660.83666004494,bitcoin
1787270400000,73020.94563440893,bitcoin
1787274000000,73668.68338381291,bitcoin
1787277600000,75093.24557294855,bitcoin
1787281200000,74403.43561267677,bitcoin
1787284800000,74501.33277079568,bitcoin
1787288400000,74976.42430989878,bitcoin
1787292000000,75401.27314952141,bitcoin
1787295600000,75589.61110387047,bitcoin
1787299200000,76264.24750920974,bitcoin
1787302800000,79217.9483974556,bitcoin
1787306400000,77864.10497946087,bitcoin
1787310000000,77794.118340972,bitcoin
1787313600000,76713.5634569039,bitcoin
1787317200000,77182.33751655415,bitcoin
1787320800000,77240.58586265544,bitcoin
1787324400000,77342.40360768468,bitcoin
1787328000000,77191.7297405987,bitcoin
1787331600000,77463.76264787953,bitcoin
1787335200000,77375.10851594472,bitcoin
1787338800000,77076.68038587937,bitcoin
1787342400000,77019.47423910756,bitcoin
1787346000000,77469.94144228443,bitcoin
1787349600000,78492.97073193404,bitcoin
1787353200000,78447.00174629269,bitcoin
1787356800000,78317.77716345884,bitcoin
1787360400000,77924.47841173135,bitcoin
1787364000000,77861.62585151519,bitcoin
1787367600000,78450.87361456598,bitcoin
1787371200000,78416.76241519109,bitcoin
1787374800000,78459.51007247694,bitcoin
1787378400000,77357.59793471967,bitcoin
1787382000000,77467.10685228396,bitcoin
1787385600000,77278.78002614668,bitcoin
1787389200000,77181.36893842522,bitcoin
1787392800000,77033.02620193096,bitcoin
1787396400000,76956.59153941978,bitcoin
1787400000000,77108.11920139303,bitcoin
1787403600000,77293.99101326858,bitcoin
1787407200000,77276.14980501754,bitcoin
1787410800000,76987.90262084498,bitcoin
1787414400000,76964.49140518492,bitcoin
1787418000000,77292.8831428596,bitcoin
1787421600000,77266.89526794103,bitcoin
1787425200000,77231.22250751803,bitcoin
1787428800000,77413.69625242811,bitcoin
1787432400000,77304.87657970993,bitcoin
1787436000000,76854.12177327243,bitcoin
1787439600000,76998.18180233128,bitcoin
1787443200000,77081.02299000922,bitcoin
1787446800000,77290.19616788143,bitcoin
1787450400000,77177.16566896404,bitcoin
1787454000000,77064.85571990619,bitcoin
1787457600000,76922.75881020405,bitcoin
1787461200000,76603.68260333966,bitcoin
1787464800000,76083.9882392138,bitcoin
1787468400000,76081.55334508924,bitcoin
1787472000000,75971.01505121416,bitcoin
1787475600000,76465.84871139617,bitcoin
1787479200000,76544.84171512509,bitcoin
1787482800000,76776.90646869465,bitcoin
1787486400000,77292.24300322762,bitcoin
1787490000000,77197.80300407711,bitcoin
1787493600000,77466.11997569115,bitcoin
1787497200000,77164.3936869177,bitcoin
1787500800000,77160.89722861466,bitcoin
1787504400000,77413.88248105405,bitcoin
1787508000000,77191.31549393748,bitcoin
1787511600000,77326.15251540612,bitcoin
1787515200000,77329.71083204656,bitcoin
1787518800000,77394.20563765302,bitcoin
1787522400000,77825.21064991705,bitcoin
1787526000000,77588.632845203,bitcoin
1787529600000,77712.3200924702,bitcoin
1787533200000,77653.79804479145,bitcoin
1787536800000,76945.96840911577,bitcoin
1787540400000,77457.84242039738,bitcoin
1787544000000,76947.53018623627,bitcoin
1787547600000,76869.96454486565,bitcoin
1787551200000,77147.65700118034,bitcoin
1787554800000,77456.55690404038,bitcoin
1787558400000,77294.09640124028,bitcoin
1787562000000,77013.63410094751,bitcoin
1787565600000,77527.46226157369,bitcoin
1787569200000,77595.54488263429,bitcoin
1787572800000,78344.16814933078,bitcoin
1787576400000,79133.98779733223,bitcoin
1787580000000,78563.89035232773,bitcoin
1787583600000,79458.02372190669,bitcoin
1787587200000,79027.40904999354,bitcoin
1787590800000,79041.8506333722,bitcoin
1787594400000,78747.19585805369,bitcoin
1787598000000,78924.08457973282,bitcoin
1787601600000,78745.95444275552,bitcoin
1787605200000,78912.78244129632,bitcoin
1787608800000,78965.23807968173,bitcoin
1787612400000,78727.75628402238,bitcoin
1787616000000,78973.88693602335,bitcoin
1787619600000,79726.56639658313,bitcoin
1787623200000,79798.96543790487,bitcoin
1787626800000,80638.19676744967,bitcoin
1787630400000,80454.83096255799,bitcoin
1787634000000,80332.74384336048,bitcoin
1787637600000,80697.54254113196,bitcoin
1787641200000,80526.82298900929,bitcoin
1787644800000,79722.30111409762,bitcoin
1787648400000,79907.40421315166,bitcoin
1787652000000,79156.6318959654,bitcoin
1787655600000,79297.49284303172,bitcoin
1787659200000,79117.66650635944,bitcoin
1787662800000,78972.97408414057,bitcoin
1787666400000,78600.91532693956,bitcoin
1787670000000,79223.1721233044,bitcoin
1787673600000,79498.8934370439,bitcoin
1787677200000,79140.47886151345,bitcoin
1787680800000,79230.95939211696,bitcoin
1787684400000,79124.339918888,bitcoin
1787688000000,78924.6713913788,bitcoin
1787691600000,78199.0582107816,bitcoin
1787695200000,78566.13452229745,bitcoin
1787698800000,78879.4177779762,bitcoin
1787702400000,78511.2331116067,bitcoin
1787706000000,78625.61544180397,bitcoin
1787709600000,78811.09430064046,bitcoin
1787713200000,79096.82822982507,bitcoin
1787716800000,79069.0901403206,bitcoin
1787720400000,78815.58561628273,bitcoin
1787724000000,79060.71623282021,bitcoin
1787727600000,78930.1698975655,bitcoin
1787731200000,78913.1467133613,bitcoin
1787734800000,78675.50711949496,bitcoin
1787738400000,78423.32059652456,bitcoin
1787742000000,78712.43221920858,bitcoin
1787745600000,78472.10325182501,bitcoin
1787749200000,78325.11196243031,bitcoin
1787752800000,78436.34785342895,bitcoin
1787756400000,77778.81759411356,bitcoin
1787760000000,78011.0248049709,bitcoin
1787763600000,77992.9645061395,bitcoin
1787767200000,78425.3872558423,bitcoin
1787770800000,78462.78992712124,bitcoin
1787774400000,78454.8306474836,bitcoin
1787778000000,78443.5651838574,bitcoin
1787781600000,78706.17814257603,bitcoin
1787785200000,78708.99798302965,bitcoin
1787788800000,79018.03405750773,bitcoin
1787792400000,78702.39106385609,bitcoin
1787796000000,78906.21090289645,bitcoin
1787799600000,78717.16727941387,bitcoin
1787803200000,78817.00293207057,bitcoin
1787806800000,78761.6101358522,bitcoin
1787810400000,78872.10921659994,bitcoin
1787814000000,78800.49362607743,bitcoin
1787817600000,79074.23394794346,bitcoin
1787821200000,79691.28956416981,bitcoin
1787824800000,79981.02030000853,bitcoin
1787828400000,79596.88892982739,bitcoin
1787832000000,79479.42013840542,bitcoin
1787835600000,79292.77437944377,bitcoin
1787839200000,79512.64023477088,bitcoin
1787842800000,80190.32101475948,bitcoin
1787846400000,80329.18870706021,bitcoin
1787850000000,80381.45508232129,bitcoin
1787853600000,80453.84935448112,bitcoin
1787857200000,80122.89392879306,bitcoin
1787860800000,79938.27018342797,bitcoin
1787864400000,80083.09621459675,bitcoin
1787868000000,80181.41607946662,bitcoin
1787871600000,80297.0041788454,bitcoin
1787875200000,80268.37474707834,bitcoin
1787878800000,80591.31114455192,bitcoin
1787882400000,80500.65742009522,bitcoin
1787886000000,79935.57059402476,bitcoin
1787889600000,79818.12475925282,bitcoin
1787893200000,79647.27780794752,bitcoin
1787896800000,79696.44412894675,bitcoin
1787900400000,79911.61337955634,bitcoin
1787904000000,79687.2427995466,bitcoin
1787907600000,79513.04910479934,bitcoin
1787911200000,79292.20300894548,bitcoin
1787914800000,79557.5601810478,bitcoin
1787918400000,79600.2788053087,bitcoin
1787922000000,79407.60449431959,bitcoin
1787925600000,79438.06518585574,bitcoin
1787929200000,79607.76745531596,bitcoin
1787932800000,78370.57900691858,bitcoin
1787936400000,77798.28323867955,bitcoin
1787940000000,77896.96429182867,bitcoin
1787943600000,77532.27507668122,bitcoin
1787947200000,77528.00468786708,bitcoin
1787950800000,77398.34418104916,bitcoin
1787954400000,77346.05408680951,bitcoin
1787958000000,77738.78291524075,bitcoin
1787961600000,77820.76428719184,bitcoin
1787965200000,77727.30394647292,bitcoin
1787968800000,77790.60032689421,bitcoin
1787972400000,77669.86720102842,bitcoin
1787976000000,77512.81226451545,bitcoin
1787979600000,77645.86029492349,bitcoin
1787983200000,77629.1915003392,bitcoin
1787986800000,77461.03011140913,bitcoin
1787990400000,77634.23863196258,bitcoin
1787994000000,77634.0205335061,bitcoin
1787997600000,77649.82587406744,bitcoin
1788001200000,77644.01867275102,bitcoin
1788004800000,77583.93504642752,bitcoin
1788008400000,77583.37579710639,bitcoin
1788012000000,77699.90411195564,bitcoin
1788015600000,78010.76127895089,bitcoin
1788019200000,77856.29959887669,bitcoin
1788022800000,78020.82329523691,bitcoin
1788026400000,78078.6121720806,bitcoin
1788030000000,78157.9775371948,bitcoin
1788033600000,78176.76687159947,bitcoin
1788037200000,78124.8062583233,bitcoin
1788040800000,78156.64522669006,bitcoin
1788044400000,78221.78563841502,bitcoin
1788048000000,78225.13950818499,bitcoin
1788051600000,78184.082081203,bitcoin
1788055200000,78074.69310281289,bitcoin
1788058800000,78102.99055280742,bitcoin
1788062400000,78140.31358520618,bitcoin
1788066000000,78098.43955847349,bitcoin
1788069600000,78124.3509411007,bitcoin
1788073200000,78274.40362063059,bitcoin
1788076800000,78116.43763229004,bitcoin
1788080400000,78068.84562281353,bitcoin
1788084000000,78002.45447823798,bitcoin
1788087600000,78133.05344833987,bitcoin
1788091200000,78152.86598904736,bitcoin
1788094800000,78735.78429730616,bitcoin
1788098400000,78858.0653239032,bitcoin
1788102000000,78776.41086229906,bitcoin
1788105600000,78808.51221668017,bitcoin
1788109200000,79316.04886350794,bitcoin
1788112800000,79003.09297584732,bitcoin
1788116400000,79022.03995992609,bitcoin
1788120000000,78846.40212817515,bitcoin
1788123600000,78587.38166673134,bitcoin
1788127200000,78640.12513815566,bitcoin
1788130800000,78415.92036320959,bitcoin
1788134400000,77658.23133225394,bitcoin
1788138000000,77910.28168235716,bitcoin
1788141600000,77619.19490947893,bitcoin
1788145200000,77453.7976096339,bitcoin
1788148800000,77740.1492283802,bitcoin
1788152400000,77612.73280724128,bitcoin
1788156000000,77990.41768119356,bitcoin
1788159600000,78077.85980076663,bitcoin
1788163200000,78183.05727955054,bitcoin
1788166800000,78465.9818304446,bitcoin
1788170400000,78501.69227668509,bitcoin
1788174000000,78669.88490276886,bitcoin
1788177600000,78282.14198817499,bitcoin
1788181200000,77902.4125035204,bitcoin
1788184800000,77841.57927993884,bitcoin
1788188400000,78590.3128650354,bitcoin
1788192000000,78554.14249397103,bitcoin
1788195600000,78623.47336005233,bitcoin
1788199200000,78871.16683070223,bitcoin
1788202800000,79029.07045078847,bitcoin
1788206400000,78899.17790827646,bitcoin
1788210000000,78848.31861249713,bitcoin
1788213600000,78955.16797650147,bitcoin
1788217200000,78557.79779181909,bitcoin
1788220800000,78552.77932895812,bitcoin
1788224400000,78630.13146043592,bitcoin
1788228000000,78349.119390689,bitcoin
1788231600000,78421.83031494952,bitcoin
1788235200000,78660.94843747084,bitcoin
1788238800000,78698.40414375108,bitcoin
1788242400000,79133.60153164144,bitcoin
1788246000000,78720.23655912721,bitcoin
1788249600000,78612.90671691917,bitcoin
1788253200000,77869.1642668092,bitcoin
1788256800000,77891.45238039519,bitcoin
1788260400000,78010.95910528673,bitcoin
1788264000000,78067.53602493987,bitcoin
1788267600000,77981.92348502502,bitcoin
1788271200000,78045.63777896867,bitcoin
1788274800000,78137.78899466433,bitcoin
1788278400000,77901.28356473117,bitcoin
1788282000000,77571.78044504458,bitcoin
1788285600000,77246.12980665805,bitcoin
1788289200000,77112.94064912885,bitcoin
1788292800000,77269.91226365861,bitcoin
1788296400000,77410.46777948707,bitcoin
1788300000000,77174.47553625521,bitcoin
1788303600000,77240.801579754,bitcoin
1788307200000,77416.44110979848,bitcoin
1788310800000,77170.39523887339,bitcoin
1788314400000,76967.63489333939,bitcoin
1788318000000,77275.44455077226,bitcoin
1788321600000,77523.3387885885,bitcoin
1788325200000,77525.92756163293,bitcoin
1788328800000,77632.80046430147,bitcoin
1788332400000,77561.76741171286,bitcoin
1788336000000,77448.16293594704,bitcoin
1788339600000,76818.96132512593,bitcoin
1788343200000,76706.59368071826,bitcoin
1788346800000,76632.61833148886,bitcoin
1788350400000,76772.82018721351,bitcoin
1788354000000,76591.45163344304,bitcoin
1788357600000,77070.68654324919,bitcoin
1788361200000,77019.25544923359,bitcoin
1788364800000,77243.74217047928,bitcoin
1788368400000,77155.47647840958,bitcoin
1788372000000,77341.09170526761,bitcoin
1788375600000,77336.11227500642,bitcoin
1788379200000,77285.9454900689,bitcoin
1788382800000,77385.59112907,bitcoin
1788386400000,77258.17095018033,bitcoin
1788390000000,77004.75414720885,bitcoin
1788393600000,77297.13347191992,bitcoin
1788397200000,77043.200415925,bitcoin
1788400800000,77328.67603522998,bitcoin
1788404400000,77776.26490321505,bitcoin
1788408000000,77681.57571419993,bitcoin
1788411600000,77735.13621215663,bitcoin
1788415200000,77777.01387300041,bitcoin
1788418800000,77792.64435816841,bitcoin
1788422400000,77634.32543949968,bitcoin
1788426000000,77810.4954472119,bitcoin
1788429600000,77584.78971480542,bitcoin
1788433200000,77700.31017955823,bitcoin
1788436800000,77913.14094439356,bitcoin
1788440400000,78635.8198277505,bitcoin
1788444000000,78780.20188484156,bitcoin
1788447600000,80503.98990012161,bitcoin
1788451200000,81321.7073624723,bitcoin
1788454800000,80958.76413522735,bitcoin
1788458400000,81037.20517412091,bitcoin
1788462000000,81244.43792979473,bitcoin
1788465600000,81731.27627363407,bitcoin
1788469200000,81468.78623999904,bitcoin
1788472800000,81599.03754394985,bitcoin
1788476400000,81142.27254272846,bitcoin
1788480000000,81264.70153038795,bitcoin
1788483600000,80984.70052847588,bitcoin
1788487200000,80969.99953830658,bitcoin
1788490800000,80812.35052737984,bitcoin
1788494400000,80855.6007824934,bitcoin
1788498000000,81055.85296434356,bitcoin
1788501600000,80982.60774336972,bitcoin
1788505200000,80775.9080604573,bitcoin
1788508800000,80638.3779699146,bitcoin
1788512400000,81129.17782120455,bitcoin
1788516000000,81049.94245952881,bitcoin
1788519600000,81166.63283313578,bitcoin
1788523200000,81222.97676673981,bitcoin
1788526800000,79438.20975066516,bitcoin
1788530400000,79362.52222701395,bitcoin
1788534000000,78918.77058040584,bitcoin
1788537600000,79411.2566301278,bitcoin
1788541200000,79753.14168349805,bitcoin
1788544800000,79478.53536802711,bitcoin
1788548400000,79623.42306987401,bitcoin
1788552000000,79779.29611442194,bitcoin
1788555600000,79706.25394282232,bitcoin
1788559200000,79649.90012856525,bitcoin
1788562800000,79648.8752251388,bitcoin
1788566400000,79671.25767420157,bitcoin
1788570000000,79593.020767888,bitcoin
1788573600000,79547.32656799363,bitcoin
1788577200000,79577.31078765137,bitcoin
1788580800000,79591.52525925986,bitcoin
1788584400000,79513.2875742262,bitcoin
1788588000000,79586.59732593811,bitcoin
1788591600000,79657.8072660828,bitcoin
1788595200000,79711.96673205243,bitcoin
1788598800000,79647.88200438251,bitcoin
1788602400000,79626.99964778067,bitcoin
1788606000000,79624.2235567454,bitcoin
1788609600000,79616.72878630973,bitcoin
1788613200000,79713.129978018,bitcoin
1788616800000,79617.56064482199,bitcoin
1788620400000,79730.88136501185,bitcoin
1788624000000,79803.39493926977,bitcoin
1788627600000,80053.61256468344,bitcoin
1788631200000,80045.27884672082,bitcoin
1788634800000,79987.72340498707,bitcoin
1788638400000,79757.93033702066,bitcoin
1788642000000,79741.22436343327,bitcoin
1788645600000,79909.49573147147,bitcoin
1788649200000,79781.05895269189,bitcoin
1788652800000,79821.69873179746,bitcoin
1788656400000,79886.77458177783,bitcoin
1788660000000,79959.30436655713,bitcoin
1788663600000,79906.5630995094,bitcoin
1788667200000,80026.31967167041,bitcoin
1788670800000,79862.90595561713,bitcoin
1788674400000,79971.37099232111,bitcoin
1788678000000,79772.81701990326,bitcoin
1788681600000,79811.52488960416,bitcoin
1788685200000,79835.09901045753,bitcoin
1788688800000,79878.78090091703,bitcoin
1788692400000,80001.87569426838,bitcoin
1788696000000,79911.77981667651,bitcoin
1788699600000,79918.62682851448,bitcoin
1788703200000,79806.90665184474,bitcoin
1788706800000,79526.7967398626,bitcoin
1788710400000,79707.92574611641,bitcoin
1788714000000,79668.64531446325,bitcoin
1788717600000,79730.84512060262,bitcoin
1788721200000,79944.44972766159,bitcoin
1788724800000,79814.59046924824,bitcoin
1788728400000,79896.32558416478,bitcoin
1788732000000,79935.95559040409,bitcoin
1788735600000,80046.70819196723,bitcoin
1788739200000,80329.3478460037,bitcoin
1788742800000,80112.92063846144,bitcoin
1788746400000,79916.55232204411,bitcoin
1788750000000,79848.98832803365,bitcoin
1788753600000,79588.86534996543,bitcoin
1788757200000,79705.86589525286,bitcoin
1788760800000,79750.33195508539,bitcoin
1788764400000,79647.51433159942,bitcoin
1788768000000,79387.15132574705,bitcoin
1788771600000,79428.24100456157,bitcoin
1788775200000,79313.08685339912,bitcoin
1788778800000,79353.98413473983,bitcoin
1788782400000,79414.25257135955,bitcoin
1788786000000,79589.28552673887,bitcoin
1788789600000,79334.9461697575,bitcoin
1788793200000,79180.43723886288,bitcoin
1788796800000,78808.82566960008,bitcoin
1788800400000,79010.94508390404,bitcoin
1788804000000,79189.14613763412,bitcoin
1788807600000,79189.57835780756,bitcoin
1788811200000,79350.27915508901,bitcoin
1788814800000,79221.03211974604,bitcoin
1788818400000,79155.01031344378,bitcoin
1788822000000,78929.34832981802,bitcoin
1788825600000,79093.4641898418,bitcoin
1788829200000,79283.87896071257,bitcoin
1788832800000,79412.8683392289,bitcoin
1788836400000,78927.12553007393,bitcoin
1788840000000,78887.1165448371,bitcoin
1788843600000,78673.40271116208,bitcoin
1788847200000,78566.03602578767,bitcoin
1788850800000,78312.37422202768,bitcoin
1788854400000,78406.37269792361,bitcoin
1788858000000,78385.0111839187,bitcoin
1788861600000,78727.12427667958,bitcoin
1788865200000,78558.18691040784,bitcoin
1788868800000,78386.13393931472,bitcoin
1788872400000,78409.80108857037,bitcoin
1788876000000,77957.69056757812,bitcoin
1788879600000,78535.15771615456,bitcoin
1788883200000,78852.01355888146,bitcoin
1788886800000,78725.02484173441,bitcoin
1788890400000,78511.12695645604,bitcoin
1788894000000,78433.71650549663,bitcoin
1788897600000,78410.52447257999,bitcoin
1788901200000,78486.82119285701,bitcoin
1788904800000,78480.37882531529,bitcoin
1788908400000,78548.73323714682,bitcoin
1788912000000,78450.75303870205,bitcoin
1788915600000,78765.28062823696,bitcoin
1788919200000,78876.61242291593,bitcoin
1788922800000,78722.42026766515,bitcoin
1788926400000,78624.11881302243,bitcoin
1788930000000,79152.37843329764,bitcoin
1788933600000,78913.40216484082,bitcoin
1788937200000,79134.18275483722,bitcoin
1788940800000,79264.12405440492,bitcoin
1788944400000,79648.44749750635,bitcoin
1788948000000,78953.83979796141,bitcoin
1788951600000,78929.69196056157,bitcoin
1788955200000,79334.90005615221,bitcoin
1788958800000,79585.53643963618,bitcoin
1788962400000,79156.59892992607,bitcoin
1788966000000,78949.21330811581,bitcoin
1788969600000,78586.84561250768,bitcoin
1788973200000,78776.6552648416,bitcoin
1788976800000,78766.04541377799,bitcoin
1788980400000,78422.80587151789,bitcoin
1788984000000,78210.7750837399,bitcoin
1788987600000,78276.30589419178,bitcoin
1788991200000,78131.46075029431,bitcoin
1788994800000,77927.77053945823,bitcoin
1788998400000,78283.06047169256,bitcoin
1789002000000,78149.71304106472,bitcoin
1789005600000,78053.03021772805,bitcoin
1789009200000,78329.34789117156,bitcoin
1789012800000,78298.84095630288,bitcoin
1789016400000,78359.56643893092,bitcoin
1789020000000,78492.42936069884,bitcoin
1789023600000,78404.78123386322,bitcoin
1789027200000,78085.00301642863,bitcoin
1789030800000,78096.6863270212,bitcoin
1789034400000,77950.49641007504,bitcoin
1789038000000,77851.89715450257,bitcoin
1789041600000,77830.55557881067,bitcoin
1789045200000,76869.04566482038,bitcoin
1789048800000,77159.74831061267,bitcoin
1789052400000,77359.53454949934,bitcoin
1789056000000,77209.59163382856,bitcoin
1789059600000,77153.0414263324,bitcoin
1789063200000,77310.95724202666,bitcoin
1789066800000,77212.77264242084,bitcoin
1789070400000,77138.03985874755,bitcoin
1789074000000,77246.2314640901,bitcoin
1789077600000,77114.52711697944,bitcoin
1789081200000,76817.93214328661,bitcoin
1789084800000,76554.98664973286,bitcoin
1789088400000,76879.28361560282,bitcoin
1789092000000,76948.83827623757,bitcoin
1789095600000,76824.79305692423,bitcoin
1789099200000,76870.15788497053,bitcoin
1789102800000,77091.2478782176,bitcoin
1789106400000,77216.0609394737,bitcoin
1789110000000,77261.37992526557,bitcoin
1789113600000,77201.99730353012,bitcoin
1789117200000,77335.06304883708,bitcoin
1789120800000,77020.85406061342,bitcoin
1789124400000,76968.87281415956,bitcoin
1789128000000,76995.9749893298,bitcoin
1789131600000,77960.78847453994,bitcoin
1789135200000,79157.09397934795,bitcoin
1789138800000,78783.77426720792,bitcoin
1789142400000,77694.26915459464,bitcoin
1789146000000,77917.11232828967,bitcoin
1789149600000,77517.25102199247,bitcoin
1789153200000,77036.83954890422,bitcoin
1789156800000,77281.64507604482,bitcoin
1789160400000,77315.11940187341,bitcoin
1789164000000,77082.59662937514,bitcoin
1789167600000,77128.66953731132,bitcoin
1789171200000,77203.53444805603,bitcoin
1789174800000,77276.52849901545,bitcoin
1789178400000,77263.21057723957,bitcoin
1789182000000,77256.74504889011,bitcoin
1789185600000,77257.54865785275,bitcoin
1789189200000,77213.83327769832,bitcoin
1789192800000,77204.03182949341,bitcoin
1789196400000,77277.42306540738,bitcoin
1789200000000,77257.61617745076,bitcoin
1789203600000,77342.538050849,bitcoin
1789207200000,77330.8329850539,bitcoin
1789210800000,77316.51970578285,bitcoin
1789214400000,77340.17370771468,bitcoin
1789218000000,77317.17427010927,bitcoin
1789221600000,77346.67342745706,bitcoin
1789225200000,77445.64426190322,bitcoin
1789228800000,77366.92475804272,bitcoin
1789232400000,77348.92912166193,bitcoin
1789236000000,77193.15949246142,bitcoin
1789239600000,77123.41691461387,bitcoin
1789243200000,77113.63783668954,bitcoin
1789246800000,77152.51919688155,bitcoin
1789250400000,77245.60981926684,bitcoin
1789254000000,77218.57922842517,bitcoin
1789257600000,77261.62722069985,bitcoin
1789261200000,77258.52592022326,bitcoin
1789264800000,77302.98579705298,bitcoin
1789268400000,77273.86828489418,bitcoin
1789272000000,77177.99013195191,bitcoin
1789275600000,77192.12247162955,bitcoin
1789279200000,77299.3303692544,bitcoin
1789282800000,77098.83617669597,bitcoin
1789286400000,77101.20979166444,bitcoin
1789290000000,76790.97168368855,bitcoin
1789293600000,76774.74504686284,bitcoin
1789297200000,76639.40143000401,bitcoin
1789300800000,76752.89745255162,bitcoin
1789304400000,76730.11419513759,bitcoin
1789308000000,76827.75244836867,bitcoin
1789311600000,77186.99824765752,bitcoin
1789315200000,77112.0023446134,bitcoin
1789318800000,77261.01354899621,bitcoin
1789322400000,77304.39364979762,bitcoin
1789326000000,77322.83387513856,bitcoin
1789329600000,77256.82950352236,bitcoin
1789333200000,77321.00762265742,bitcoin
1789336800000,77263.3336825517,bitcoin
1789340400000,76682.56817293397,bitcoin
1789344000000,76819.04496746542,bitcoin
1789347600000,76766.97307322748,bitcoin
1789351200000,77070.31000728291,bitcoin
1789354800000,77570.55529884281,bitcoin
1789358400000,77551.75331241178,bitcoin
1789362000000,77644.99458254549,bitcoin
1789365600000,77585.97976119716,bitcoin
1789369200000,77556.33204977703,bitcoin
1789372800000,77852.74279105471,bitcoin
1789376400000,77697.78667140036,bitcoin
1789380000000,78113.21706168602,bitcoin
1789383600000,77879.63832939527,bitcoin
1789387200000,77729.73391218342,bitcoin
1789390800000,77648.74922001359,bitcoin
1789394400000,78167.60870876731,bitcoin
1789398000000,78476.07323013752,bitcoin
1789401600000,78561.78960637822,bitcoin
1789405200000,78760.57618669112,bitcoin
1789408800000,78928.36036442495,bitcoin
1789412400000,79208.67421437381,bitcoin
1789416000000,78986.36847021278,bitcoin
1789419480000,79136.53795656725,bitcoin
1781643600000,1795.7311305032158,ethereum
1781647200000,1794.8202398967126,ethereum
1781650800000,1794.9301846904223,ethereum
1781654400000,1791.3886783051394,ethereum
1781658000000,1792.6512420582276,ethereum
1781661600000,1795.9525698932982,ethereum
1781665200000,1793.6926363262326,ethereum
1781668800000,1791.8710472096627,ethereum
1781672400000,1792.9515753714907,ethereum
1781676000000,1792.4674896743586,ethereum
1781679600000,1788.9164344751864,ethereum
1781683200000,1783.7135098650192,ethereum
1781686800000,1763.8084714503225,ethereum
1781690400000,1770.7072831284606,ethereum
1781694000000,1767.5882636343454,ethereum
1781697600000,1762.9907506029876,ethereum
1781701200000,1757.7140430147665,ethereum
1781704800000,1761.0170366690925,ethereum
1781708400000,1754.8738759443404,ethereum
1781712000000,1771.3930054913258,ethereum
1781715600000,1771.4527958516128,ethereum
1781719200000,1785.4972255593848,ethereum
1781722800000,1770.0849762142518,ethereum
1781726400000,1733.2180710981957,ethereum
1781730000000,1745.1935036400164,ethereum
1781733600000,1737.0923131084178,ethereum
1781737200000,1739.7861013063202,ethereum
1781740800000,1748.7549735206103,ethereum
1781744400000,1751.4937589727124,ethereum
1781748000000,1753.9395608656514,ethereum
1781751600000,1754.6396720162418,ethereum
1781755200000,1743.083503091309,ethereum
1781758800000,1730.0160444096437,ethereum
1781762400000,1729.1327876664548,ethereum
1781766000000,1734.0688544738427,ethereum
1781769600000,1747.6377016793767,ethereum
1781773200000,1746.728058718129,ethereum
1781776800000,1744.9530616084483,ethereum
1781780400000,1746.4176238296009,ethereum
1781784000000,1741.9442906673253,ethereum
1781787600000,1748.6487410399152,ethereum
1781791200000,1733.6834880932622,ethereum
1781794800000,1738.0888345289925,ethereum
1781798400000,1680.712158063787,ethereum
1781802000000,1685.509716688187,ethereum
1781805600000,1677.5379088135223,ethereum
1781809200000,1683.2870716914947,ethereum
1781812800000,1703.6062317388987,ethereum
1781816400000,1709.154596911161,ethereum
1781820000000,1707.0393830813173,ethereum
1781823600000,1705.6649484409968,ethereum
1781827200000,1710.079110757131,ethereum
1781830800000,1712.5122165868966,ethereum
1781834400000,1711.8590388891555,ethereum
1781838000000,1705.976683537281,ethereum
1781841600000,1696.590869176308,ethereum
1781845200000,1688.0859395784105,ethereum
1781848800000,1695.9464670227655,ethereum
1781852400000,1699.6903774609061,ethereum
1781856000000,1693.809747703528,ethereum
1781859600000,1695.7572588565456,ethereum
1781863200000,1688.0760052762284,ethereum
1781866800000,1691.483070322254,ethereum
1781870400000,1690.870511218992,ethereum
1781874000000,1692.907252049879,ethereum
1781877600000,1702.7608181919188,ethereum
1781881200000,1705.1439096795712,ethereum
1781884800000,1705.9620838261312,ethereum
1781888400000,1696.4096523042372,ethereum
1781892000000,1702.9358683799785,ethereum
1781895600000,1701.667365751136,ethereum
1781899200000,1700.0052891417251,ethereum
1781902800000,1707.4677887201624,ethereum
1781906400000,1700.4943951679372,ethereum
1781910000000,1706.9164496918545,ethereum
1781913600000,1708.87855388619,ethereum
1781917200000,1707.7157539927566,ethereum
1781920800000,1708.8294896187788,ethereum
1781924400000,1704.6322733618854,ethereum
1781928000000,1706.2780885968616,ethereum
1781931600000,1711.9093626097288,ethereum
1781935200000,1724.3019529185397,ethereum
1781938800000,1725.967050200827,ethereum
1781942400000,1724.5020366576946,ethereum
1781946000000,1721.4572703137355,ethereum
1781949600000,1726.7597779592872,ethereum
1781953200000,1725.3727045429698,ethereum
1781956800000,1725.9248562581263,ethereum
1781960400000,1725.7664227539237,ethereum
1781964000000,1716.5006176435415,ethereum
1781967600000,1731.8713488647397,ethereum
1781971200000,1738.8411077953829,ethereum
1781974800000,1732.4798720805468,ethereum
1781978400000,1724.4487703976836,ethereum
1781982000000,1724.5924028029428,ethereum
1781985600000,1727.7207110579245,ethereum
1781989200000,1729.5570972171652,ethereum
1781992800000,1734.6528041196716,ethereum
1781996400000,1742.6451638047265,ethereum
1782000000000,1739.2769352743533,ethereum
1782003600000,1735.8003039036587,ethereum
1782007200000,1735.146914314793,ethereum
1782010800000,1734.7570250406975,ethereum
1782014400000,1736.8839529184982,ethereum
1782018000000,1731.8673090261882,ethereum
1782021600000,1731.26847611792,ethereum
1782025200000,1734.3203322848728,ethereum
1782028800000,1731.1063564520516,ethereum
1782032400000,1727.513013699547,ethereum
1782036000000,1730.52147900089,ethereum
1782039600000,1729.7572339652957,ethereum
1782043200000,1722.8948347069588,ethereum
1782046800000,1724.0920277682812,ethereum
1782050400000,1723.168362641997,ethereum
1782054000000,1725.44299100088,ethereum
1782057600000,1728.8150839395444,ethereum
1782061200000,1725.8732657522787,ethereum
1782064800000,1725.897548959767,ethereum
1782068400000,1732.9776857196562,ethereum
1782072000000,1733.1438407523094,ethereum
1782075600000,1720.639804258613,ethereum
1782079200000,1717.0239423174103,ethereum
1782082800000,1716.8266164679283,ethereum
1782086400000,1704.9130137257484,ethereum
1782090000000,1725.2591853082233,ethereum
1782093600000,1743.0012121439515,ethereum
1782097200000,1736.4137373258643,ethereum
1782100800000,1728.827705948903,ethereum
1782104400000,1733.6686190255032,ethereum
1782108000000,1734.8956364520848,ethereum
1782111600000,1734.2435592579116,ethereum
1782115200000,1744.8613080891682,ethereum
1782118800000,1746.2809742765232,ethereum
1782122400000,1744.8991252671692,ethereum
1782126000000,1747.2604683697548,ethereum
1782129600000,1766.2370998137123,ethereum
1782133200000,1762.239836037375,ethereum
1782136800000,1774.3922400968754,ethereum
1782140400000,1752.7927058275484,ethereum
1782144000000,1743.2419262048309,ethereum
1782147600000,1738.6074940550798,ethereum
1782151200000,1738.352325746557,ethereum
1782154800000,1731.3361709069027,ethereum
1782158400000,1733.2956872234834,ethereum
1782162000000,1732.4092678214383,ethereum
1782165600000,1730.5695787577438,ethereum
1782169200000,1722.0136777096054,ethereum
1782172800000,1725.1620208904676,ethereum
1782176400000,1728.6662495901476,ethereum
1782180000000,1728.4228331008767,ethereum
1782183600000,1731.312474646996,ethereum
1782187200000,1728.0930236382121,ethereum
1782190800000,1717.955571855322,ethereum
1782194400000,1711.5516378743566,ethereum
1782198000000,1690.842268041334,ethereum
1782201600000,1681.9453898932568,ethereum
1782205200000,1646.827920775248,ethereum
1782208800000,1649.2925537467925,ethereum
1782212400000,1651.3023350291435,ethereum
1782216000000,1659.1189543281776,ethereum
1782219600000,1653.2757206900715,ethereum
1782223200000,1660.0375106729778,ethereum
1782226800000,1660.7361041898705,ethereum
1782230400000,1656.611839475463,ethereum
1782234000000,1658.0554394669493,ethereum
1782237600000,1654.9562311956809,ethereum
1782241200000,1653.2634158374756,ethereum
1782244800000,1661.1073327815116,ethereum
1782248400000,1661.1843229838657,ethereum
1782252000000,1664.7585740075885,ethereum
1782255600000,1662.962474680035,ethereum
1782259200000,1665.7162407218393,ethereum
1782262800000,1669.8721175696894,ethereum
1782266400000,1671.9347078581611,ethereum
1782270000000,1663.1974772805218,ethereum
1782273600000,1665.4750792242162,ethereum
1782277200000,1667.6028519557908,ethereum
1782280800000,1672.5972962787769,ethereum
1782284400000,1673.1142947963726,ethereum
1782288000000,1671.3724416848727,ethereum
1782291600000,1671.4302385918372,ethereum
1782295200000,1666.2084701268311,ethereum
1782298800000,1662.1762606181026,ethereum
1782302400000,1677.7260761989494,ethereum
1782306000000,1670.20603345295,ethereum
1782309600000,1644.0817902471672,ethereum
1782313200000,1645.9163792428596,ethereum
1782316800000,1617.4613021707255,ethereum
1782320400000,1588.9287607368653,ethereum
1782324000000,1559.6426216584896,ethereum
1782327600000,1570.411274991768,ethereum
1782331200000,1581.5908521609222,ethereum
1782334800000,1611.7657353612803,ethereum
1782338400000,1619.9944666512054,ethereum
1782342000000,1613.6340492936224,ethereum
1782345600000,1620.6434082953833,ethereum
1782349200000,1616.5781551262974,ethereum
1782352800000,1618.9923919331172,ethereum
1782356400000,1618.8725298747413,ethereum
1782360000000,1617.7885932686754,ethereum
1782363600000,1631.6724013950059,ethereum
1782367200000,1643.740664024867,ethereum
1782370800000,1651.57592022148,ethereum
1782374400000,1655.087525700247,ethereum
1782378000000,1650.3131770597606,ethereum
1782381600000,1647.223110104712,ethereum
1782385200000,1634.788167358769,ethereum
1782388800000,1631.1669637007951,ethereum
1782392400000,1634.1020709476427,ethereum
1782396000000,1538.0830779416967,ethereum
1782399600000,1567.3603267959525,ethereum
1782403200000,1568.177258157029,ethereum
1782406800000,1560.0244697348967,ethereum
1782410400000,1572.4011364416867,ethereum
1782414000000,1565.395548175775,ethereum
1782417600000,1557.118778836386,ethereum
1782421200000,1558.4143927066555,ethereum
1782424800000,1578.5510004374353,ethereum
1782428400000,1568.5689389882377,ethereum
1782432000000,1566.0081297519519,ethereum
1782435600000,1563.569387256158,ethereum
1782439200000,1558.2168592770824,ethereum
1782442800000,1524.0685410681056,ethereum
1782446400000,1555.0171133796118,ethereum
1782450000000,1547.5936638857816,ethereum
1782453600000,1554.0436673057968,ethereum
1782457200000,1568.4759366267897,ethereum
1782460800000,1579.4622792702178,ethereum
1782464400000,1564.2400112383643,ethereum
1782468000000,1551.068913133961,ethereum
1782471600000,1546.4832538283601,ethereum
1782475200000,1543.4031117083337,ethereum
1782478800000,1535.0814016267295,ethereum
1782482400000,1566.4258489556041,ethereum
1782486000000,1559.3195034926073,ethereum
1782489600000,1578.0362127294622,ethereum
1782493200000,1575.3069585613543,ethereum
1782496800000,1579.8737166055867,ethereum
1782500400000,1570.643682676447,ethereum
1782504000000,1576.1621475454788,ethereum
1782507600000,1569.024094467176,ethereum
1782511200000,1573.6297203838772,ethereum
1782514800000,1575.4979590558073,ethereum
1782518400000,1576.9176481850786,ethereum
1782522000000,1575.292876629052,ethereum
1782525600000,1574.5033553437256,ethereum
1782529200000,1582.115532619448,ethereum
1782532800000,1579.1422485542382,ethereum
1782536400000,1578.2832214937412,ethereum
1782540000000,1577.295254715013,ethereum
1782543600000,1580.97349957314,ethereum
1782547200000,1583.3779340909373,ethereum
1782550800000,1582.242960033269,ethereum
1782554400000,1580.7514558759788,ethereum
1782558000000,1582.2280160814632,ethereum
1782561600000,1582.1778218491186,ethereum
1782565200000,1584.1061309346233,ethereum
1782568800000,1589.8305313606406,ethereum
1782572400000,1592.6236815148147,ethereum
1782576000000,1602.847758191288,ethereum
1782579600000,1603.6269354630508,ethereum
1782583200000,1590.5636071686345,ethereum
1782586800000,1591.6052518017868,ethereum
1782590400000,1576.7985282463624,ethereum
1782594000000,1579.0908380641827,ethereum
1782597600000,1574.7406760007236,ethereum
1782601200000,1577.7841668711653,ethereum
1782604800000,1571.9371269098212,ethereum
1782608400000,1573.523875063657,ethereum
1782612000000,1573.1433136245464,ethereum
1782615600000,1570.9572457906947,ethereum
1782619200000,1572.9913971281924,ethereum
1782622800000,1572.9509297541438,ethereum
1782626400000,1568.3761674501607,ethereum
1782630000000,1567.3551112629455,ethereum
1782633600000,1574.8202773259104,ethereum
1782637200000,1580.5626048409233,ethereum
1782640800000,1577.5369595037487,ethereum
1782644400000,1575.9017296062054,ethereum
1782648000000,1580.9578146681615,ethereum
1782651600000,1580.7161083568217,ethereum
1782655200000,1578.1383466553893,ethereum
1782658800000,1580.3609318856065,ethereum
1782662400000,1578.700357890013,ethereum
1782666000000,1571.6475056192016,ethereum
1782669600000,1570.1090432367143,ethereum
1782673200000,1570.1633862673273,ethereum
1782676800000,1562.600145999063,ethereum
1782680400000,1571.8344821732899,ethereum
1782684000000,1560.9620600253004,ethereum
1782687600000,1555.0811111207513,ethereum
1782691200000,1570.0805519413402,ethereum
1782694800000,1569.6541408796247,ethereum
1782698400000,1567.117178975807,ethereum
1782702000000,1574.6144137582899,ethereum
1782705600000,1581.7730712669193,ethereum
1782709200000,1574.1482251645646,ethereum
1782712800000,1579.747073460204,ethereum
1782716400000,1580.6272812926725,ethereum
1782720000000,1578.5061306367122,ethereum
1782723600000,1571.1519976003628,ethereum
1782727200000,1573.4716706013396,ethereum
1782730800000,1576.8781024209013,ethereum
1782734400000,1572.0159943817519,ethereum
1782738000000,1574.8707668173386,ethereum
1782741600000,1569.0333091379896,ethereum
1782745200000,1570.0268012482447,ethereum
1782748800000,1578.3584869715844,ethereum
1782752400000,1582.429924807984,ethereum
1782756000000,1626.3683859152845,ethereum
1782759600000,1618.7517089483376,ethereum
1782763200000,1623.5504424246958,ethereum
1782766800000,1616.102382594083,ethereum
1782770400000,1618.092254838617,ethereum
1782774000000,1611.8179431824215,ethereum
1782777600000,1609.751185572177,ethereum
1782781200000,1592.8145427703141,ethereum
1782784800000,1592.0444980646478,ethereum
1782788400000,1589.0360258803532,ethereum
1782792000000,1585.8085500870782,ethereum
1782795600000,1585.6311025444547,ethereum
1782799200000,1588.8262770543752,ethereum
1782802800000,1591.6950204252717,ethereum
1782806400000,1590.0999405276775,ethereum
1782810000000,1581.6093853259501,ethereum
1782813600000,1583.7733810135753,ethereum
1782817200000,1583.0451250720803,ethereum
1782820800000,1575.8644395189547,ethereum
1782824400000,1553.4353538689859,ethereum
1782828000000,1564.0746569830198,ethereum
1782831600000,1561.6751653997658,ethereum
1782835200000,1562.9194461038978,ethereum
1782838800000,1570.3733362998018,ethereum
1782842400000,1568.9244006906206,ethereum
1782846000000,1576.482057476114,ethereum
1782849600000,1578.3867771556315,ethereum
1782853200000,1574.0926359592088,ethereum
1782856800000,1569.4752419722126,ethereum
1782860400000,1566.0242725776016,ethereum
1782864000000,1569.8271747749748,ethereum
1782867600000,1572.8652846632478,ethereum
1782871200000,1575.782789028236,ethereum
1782874800000,1584.4598269909884,ethereum
1782878400000,1592.853340712038,ethereum
1782882000000,1597.1539040587572,ethereum
1782885600000,1590.9429082455165,ethereum
1782889200000,1574.0822438604876,ethereum
1782892800000,1576.487592079942,ethereum
1782896400000,1579.3050186996177,ethereum
1782900000000,1579.6560696761806,ethereum
1782903600000,1572.4213808010184,ethereum
1782907200000,1568.021398676593,ethereum
1782910800000,1568.2354227733038,ethereum
1782914400000,1594.0462180532484,ethereum
1782918000000,1599.703948544357,ethereum
1782921600000,1619.1338344751593,ethereum
1782925200000,1613.2907331172275,ethereum
1782928800000,1621.066635299195,ethereum
1782932400000,1615.2111025689203,ethereum
1782936000000,1615.8119339477983,ethereum
1782939600000,1615.718822339067,ethereum
1782943200000,1629.7870199148326,ethereum
1782946800000,1620.5686907626161,ethereum
1782950400000,1608.254387223296,ethereum
1782954000000,1601.5400044997218,ethereum
1782957600000,1618.747873930139,ethereum
1782961200000,1618.3600065305925,ethereum
1782964800000,1636.9817072384124,ethereum
1782968400000,1630.8426431207624,ethereum
1782972000000,1624.9991283606084,ethereum
1782975600000,1617.9188177240958,ethereum
1782979200000,1614.1664422365739,ethereum
1782982800000,1623.3090050600533,ethereum
1782986400000,1641.9301548887101,ethereum
1782990000000,1644.220060772765,ethereum
1782993600000,1646.718001278878,ethereum
1782997200000,1661.3448920328199,ethereum
1783000800000,1708.6539982169018,ethereum
1783004400000,1699.0988365753876,ethereum
1783008000000,1696.5532819000982,ethereum
1783011600000,1698.3293041785143,ethereum
1783015200000,1695.0389828681768,ethereum
1783018800000,1700.1578868062538,ethereum
1783022400000,1699.6296719088905,ethereum
1783026000000,1703.4044865194373,ethereum
1783029600000,1698.9297421542497,ethereum
1783033200000,1695.6718034873152,ethereum
1783036800000,1698.5610521616197,ethereum
1783040400000,1694.7643836913269,ethereum
1783044000000,1710.9255404555638,ethereum
1783047600000,1702.615873965779,ethereum
1783051200000,1704.673097386317,ethereum
1783054800000,1702.226412725831,ethereum
1783058400000,1712.8166172514561,ethereum
1783062000000,1714.4159636230845,ethereum
1783065600000,1716.2555104423016,ethereum
1783069200000,1718.0908598679869,ethereum
1783072800000,1725.2476289509532,ethereum
1783076400000,1740.7733589493055,ethereum
1783080000000,1741.1240083900013,ethereum
1783083600000,1734.5833305356443,ethereum
1783087200000,1745.6546301456422,ethereum
1783090800000,1734.7842109701483,ethereum
1783094400000,1730.0228305550022,ethereum
1783098000000,1731.8994061771834,ethereum
1783101600000,1736.3954088460112,ethereum
1783105200000,1737.2724805657303,ethereum
1783108800000,1743.2089898305264,ethereum
1783112400000,1764.7465794003476,ethereum
1783116000000,1762.2391527606176,ethereum
1783119600000,1756.1959584446554,ethereum
1783123200000,1756.9804642496356,ethereum
1783126800000,1757.5602040792153,ethereum
1783130400000,1747.2294794969048,ethereum
1783134000000,1746.979957622709,ethereum
1783137600000,1752.6032461337802,ethereum
1783141200000,1760.2514811412725,ethereum
1783144800000,1754.6358448467533,ethereum
1783148400000,1753.4752127011445,ethereum
1783152000000,1757.4332923609943,ethereum
1783155600000,1761.122934917767,ethereum
1783159200000,1757.7666661211656,ethereum
1783162800000,1759.0759592877032,ethereum
1783166400000,1757.471608596771,ethereum
1783170000000,1763.315085584601,ethereum
1783173600000,1762.206040774946,ethereum
1783177200000,1770.6818559977366,ethereum
1783180800000,1790.9625446730322,ethereum
1783184400000,1786.762867209906,ethereum
1783188000000,1797.3321368895527,ethereum
1783191600000,1791.8113309479318,ethereum
1783195200000,1792.8652272983143,ethereum
1783198800000,1786.933529167868,ethereum
1783202400000,1788.34648173527,ethereum
1783206000000,1784.2315918801519,ethereum
1783209600000,1779.908385139636,ethereum
1783213200000,1771.9819368349129,ethereum
1783216800000,1765.8188308465542,ethereum
1783220400000,1759.0806195073271,ethereum
1783224000000,1760.6132547740344,ethereum
1783227600000,1766.9232908086824,ethereum
1783231200000,1764.6986538630551,ethereum
1783234800000,1763.7427314673391,ethereum
1783238400000,1768.0723235273374,ethereum
1783242000000,1766.9715225919397,ethereum
1783245600000,1756.606855692522,ethereum
1783249200000,1759.9069241785771,ethereum
1783252800000,1759.188717503738,ethereum
1783256400000,1763.932281202612,ethereum
1783260000000,1765.3205193029544,ethereum
1783263600000,1770.7843550951818,ethereum
1783267200000,1772.9517355481682,ethereum
1783270800000,1772.0655673707847,ethereum
1783274400000,1778.0477020350847,ethereum
1783278000000,1779.057752872488,ethereum
1783281600000,1779.8646586414325,ethereum
1783285200000,1775.844398386707,ethereum
1783288800000,1785.4452526498046,ethereum
1783292400000,1788.528849479512,ethereum
1783296000000,1784.2622991817525,ethereum
1783299600000,1790.9024940108245,ethereum
1783303200000,1784.8651151289214,ethereum
1783306800000,1782.7619692828116,ethereum
1783310400000,1778.0000336338544,ethereum
1783314000000,1776.6574466632828,ethereum
1783317600000,1772.193594777949,ethereum
1783321200000,1768.763909367351,ethereum
1783324800000,1770.4625603653385,ethereum
1783328400000,1764.7916174567222,ethereum
1783332000000,1757.4326186563806,ethereum
1783335600000,1768.1643023083554,ethereum
1783339200000,1761.5745355778154,ethereum
1783342800000,1740.8948412184986,ethereum
1783346400000,1744.0331586463105,ethereum
1783350000000,1749.791214748687,ethereum
1783353600000,1787.1846432500588,ethereum
1783357200000,1790.9766030627143,ethereum
1783360800000,1786.7069244142128,ethereum
1783364400000,1791.1803885120896,ethereum
1783368000000,1792.1601733187315,ethereum
1783371600000,1792.123914839125,ethereum
1783375200000,1813.3110576185325,ethereum
1783378800000,1805.0138718713426,ethereum
1783382400000,1798.557105022033,ethereum
1783386000000,1802.4171024738785,ethereum
1783389600000,1791.1631943406842,ethereum
1783393200000,1777.2487116088919,ethereum
1783396800000,1770.218065258589,ethereum
1783400400000,1765.641840115306,ethereum
1783404000000,1769.2379766068016,ethereum
1783407600000,1777.1219935501613,ethereum
1783411200000,1770.18877313165,ethereum
1783414800000,1769.3809501072128,ethereum
1783418400000,1776.4840304300235,ethereum
1783422000000,1774.2473610320374,ethereum
1783425600000,1779.0381694899231,ethereum
1783429200000,1779.9455822328514,ethereum
1783432800000,1766.5151891593528,ethereum
1783436400000,1787.113061023288,ethereum
1783440000000,1795.7160666748525,ethereum
1783443600000,1800.550515123287,ethereum
1783447200000,1807.8934133596151,ethereum
1783450800000,1785.7338714768448,ethereum
1783454400000,1788.1246945268283,ethereum
1783458000000,1782.9324948226438,ethereum
1783461600000,1772.4172489912692,ethereum
1783465200000,1774.1652725961987,ethereum
1783468800000,1771.2223954004269,ethereum
1783472400000,1778.6389904099276,ethereum
1783476000000,1754.358528835661,ethereum
1783479600000,1756.2367785683823,ethereum
1783483200000,1750.7247486874535,ethereum
1783486800000,1754.6773575467644,ethereum
1783490400000,1752.7065358072373,ethereum
1783494000000,1750.0424441842706,ethereum
1783497600000,1754.6976571988955,ethereum
1783501200000,1733.8741143217662,ethereum
1783504800000,1734.5003412341166,ethereum
1783508400000,1737.3091279249934,ethereum
1783512000000,1746.5914842842608,ethereum
1783515600000,1737.0894977394073,ethereum
1783519200000,1735.9449794422069,ethereum
1783522800000,1727.9667827795909,ethereum
1783526400000,1721.3415871572631,ethereum
1783530000000,1734.0444319854132,ethereum
1783533600000,1731.7793162595578,ethereum
1783537200000,1735.866964231903,ethereum
1783540800000,1739.0425241886878,ethereum
1783544400000,1735.5300167245878,ethereum
1783548000000,1736.7755416984785,ethereum
1783551600000,1739.605012030488,ethereum
1783555200000,1742.2494536901065,ethereum
1783558800000,1736.8561255140714,ethereum
1783562400000,1730.801653153494,ethereum
1783566000000,1726.4899646357183,ethereum
1783569600000,1729.3724031163015,ethereum
1783573200000,1740.3275417028765,ethereum
1783576800000,1746.7726520980234,ethereum
1783580400000,1753.0395870126347,ethereum
1783584000000,1752.1755166401904,ethereum
1783587600000,1753.1931518539218,ethereum
1783591200000,1753.7833637936767,ethereum
1783594800000,1745.3745395706544,ethereum
1783598400000,1743.0622597152212,ethereum
1783602000000,1740.5510642476675,ethereum
1783605600000,1745.9182110048087,ethereum
1783609200000,1741.53528655204,ethereum
1783612800000,1738.557031589279,ethereum
1783616400000,1737.5891355318356,ethereum
1783620000000,1747.499032131804,ethereum
1783623600000,1750.2826518674037,ethereum
1783627200000,1747.2531839735298,ethereum
1783630800000,1748.0169369318392,ethereum
1783634400000,1747.3825482855818,ethereum
1783638000000,1746.8477304581997,ethereum
1783641600000,1744.6953884606253,ethereum
1783645200000,1741.641416432228,ethereum
1783648800000,1766.7194782342963,ethereum
1783652400000,1770.9540586824232,ethereum
1783656000000,1774.1056471931306,ethereum
1783659600000,1773.6175459984647,ethereum
1783663200000,1777.3583469015675,ethereum
1783666800000,1769.6922235686454,ethereum
1783670400000,1772.2027116817217,ethereum
1783674000000,1782.6342271115059,ethereum
1783677600000,1791.1537587503408,ethereum
1783681200000,1796.1482930799662,ethereum
1783684800000,1799.790339990163,ethereum
1783688400000,1793.6421832143606,ethereum
1783692000000,1802.9423008411152,ethereum
1783695600000,1784.6481573788647,ethereum
1783699200000,1789.4773597824533,ethereum
1783702800000,1795.91493033883,ethereum
1783706400000,1787.6752535827593,ethereum
1783710000000,1783.68219643299,ethereum
1783713600000,1791.3128193535954,ethereum
1783717200000,1789.3200521517585,ethereum
1783720800000,1793.0670054220623,ethereum
1783724400000,1794.1905770736953,ethereum
1783728000000,1795.2394655119474,ethereum
1783731600000,1792.5214837158649,ethereum
1783735200000,1788.9818821135455,ethereum
1783738800000,1794.3992349106236,ethereum
1783742400000,1796.0301157736671,ethereum
1783746000000,1795.4199125507894,ethereum
1783749600000,1797.6209254324958,ethereum
1783753200000,1798.5153935272174,ethereum
1783756800000,1799.0861762631898,ethereum
1783760400000,1800.5146441989295,ethereum
1783764000000,1794.5241483455234,ethereum
1783767600000,1797.7391335167063,ethereum
1783771200000,1799.5968119941426,ethereum
1783774800000,1799.7394375032782,ethereum
1783778400000,1801.8687346310644,ethereum
1783782000000,1809.917048422333,ethereum
1783785600000,1813.6150616320667,ethereum
1783789200000,1821.9798576134303,ethereum
1783792800000,1824.124038490426,ethereum
1783796400000,1825.688161176271,ethereum
1783800000000,1823.6745905550022,ethereum
1783803600000,1825.5147293801756,ethereum
1783807200000,1823.0478035888757,ethereum
1783810800000,1812.6039494426584,ethereum
1783814400000,1787.9485944322748,ethereum
1783818000000,1788.203526422188,ethereum
1783821600000,1804.9115751573665,ethereum
1783825200000,1804.9091187469678,ethereum
1783828800000,1810.4743844497407,ethereum
1783832400000,1804.8559413098797,ethereum
1783836000000,1802.120115763341,ethereum
1783839600000,1794.7252569062427,ethereum
1783843200000,1798.073888243654,ethereum
1783846800000,1804.5589430907098,ethereum
1783850400000,1801.6588861214798,ethereum
1783854000000,1798.4253865759943,ethereum
1783857600000,1802.9073254980904,ethereum
1783861200000,1805.7410839812057,ethereum
1783864800000,1806.0729951016835,ethereum
1783868400000,1818.6352310053878,ethereum
1783872000000,1820.2607773546686,ethereum
1783875600000,1821.2627041794458,ethereum
1783879200000,1817.9599104119968,ethereum
1783882800000,1820.8168873118095,ethereum
1783886400000,1820.6913489183444,ethereum
1783890000000,1820.4063522072354,ethereum
1783893600000,1808.6459626157873,ethereum
1783897200000,1803.7253080038638,ethereum
1783900800000,1805.4862853704624,ethereum
1783904400000,1824.262271280797,ethereum
1783908000000,1807.0086831570356,ethereum
1783911600000,1806.6426759352328,ethereum
1783915200000,1778.407610934984,ethereum
1783918800000,1778.4444504145179,ethereum
1783922400000,1781.0108948134343,ethereum
1783926000000,1777.2712146790109,ethereum
1783929600000,1786.1173015657894,ethereum
1783933200000,1789.170107733391,ethereum
1783936800000,1784.931474214154,ethereum
1783940400000,1779.0241609384952,ethereum
1783944000000,1780.2290097368575,ethereum
1783947600000,1771.3341804992108,ethereum
1783951200000,1770.2436904033,ethereum
1783954800000,1779.7432145120863,ethereum
1783958400000,1775.8170046997088,ethereum
1783962000000,1770.5646079179514,ethereum
1783965600000,1753.39931858202,ethereum
1783969200000,1762.0361544750776,ethereum
1783972800000,1772.6740965997749,ethereum
1783976400000,1765.6045687747865,ethereum
1783980000000,1760.046821210594,ethereum
1783983600000,1756.7451558467767,ethereum
1783987200000,1774.0909253483635,ethereum
1783990800000,1783.613926335247,ethereum
1783994400000,1782.9481785585508,ethereum
1783998000000,1780.776297750658,ethereum
1784001600000,1782.0712380813934,ethereum
1784005200000,1784.3070747603865,ethereum
1784008800000,1785.496188137137,ethereum
1784012400000,1781.5581736405454,ethereum
1784016000000,1778.922078469016,ethereum
1784019600000,1784.5005073985192,ethereum
1784023200000,1784.863193776066,ethereum
1784026800000,1797.5933723806977,ethereum
1784030400000,1796.9121439775088,ethereum
1784034000000,1857.4849168075214,ethereum
1784037600000,1868.9375556593313,ethereum
1784041200000,1877.843388908017,ethereum
1784044800000,1874.0789366010736,ethereum
1784048400000,1872.7515153706765,ethereum
1784052000000,1869.8920798200925,ethereum
1784055600000,1873.6559183539723,ethereum
1784059200000,1876.2897574817393,ethereum
1784062800000,1873.9966714822574,ethereum
1784066400000,1875.0766880819854,ethereum
1784070000000,1881.044958144672,ethereum
1784073600000,1890.3093923843837,ethereum
1784077200000,1880.5453949335122,ethereum
1784080800000,1868.9939176977348,ethereum
1784084400000,1864.0567343177192,ethereum
1784088000000,1874.7036519471496,ethereum
1784091600000,1875.5022984033765,ethereum
1784095200000,1880.4418746262188,ethereum
1784098800000,1875.798253798032,ethereum
1784102400000,1869.153380387559,ethereum
1784106000000,1877.6103248160064,ethereum
1784109600000,1878.7592092488537,ethereum
1784113200000,1877.0143327465892,ethereum
1784116800000,1883.097845592003,ethereum
1784120400000,1925.483916999562,ethereum
1784124000000,1924.2116033161287,ethereum
1784127600000,1931.1562348565917,ethereum
1784131200000,1930.863504263966,ethereum
1784134800000,1918.2770386291934,ethereum
1784138400000,1926.6648023371872,ethereum
1784142000000,1922.8651221377563,ethereum
1784145600000,1922.8765242649508,ethereum
1784149200000,1923.052639205423,ethereum
1784152800000,1920.079477481384,ethereum
1784156400000,1921.9127529339619,ethereum
1784160000000,1916.7586464879018,ethereum
1784163600000,1914.2941248833472,ethereum
1784167200000,1921.9358395140034,ethereum
1784170800000,1924.0831860153571,ethereum
1784174400000,1917.608601397697,ethereum
1784178000000,1916.6939392261081,ethereum
1784181600000,1924.041486267828,ethereum
1784185200000,1921.0998318850725,ethereum
1784188800000,1909.1619150604938,ethereum
1784192400000,1884.5454118994676,ethereum
1784196000000,1883.924620435196,ethereum
1784199600000,1887.2037572742554,ethereum
1784203200000,1883.5731706755519,ethereum
1784206800000,1871.8954137116589,ethereum
1784210400000,1881.4002340534876,ethereum
1784214000000,1881.6861882208646,ethereum
1784217600000,1881.193430060448,ethereum
1784221200000,1878.1523831533086,ethereum
1784224800000,1867.9675653676431,ethereum
1784228400000,1874.8466427415715,ethereum
1784232000000,1873.6461234691626,ethereum
1784235600000,1871.5646646059363,ethereum
1784239200000,1877.7244230724816,ethereum
1784242800000,1868.204547136014,ethereum
1784246400000,1863.0065007127855,ethereum
1784250000000,1863.9893599299915,ethereum
1784253600000,1850.4629789714916,ethereum
1784257200000,1846.7354827803567,ethereum
1784260800000,1851.4514341275826,ethereum
1784264400000,1849.2293078335426,ethereum
1784268000000,1822.838758326878,ethereum
1784271600000,1830.4600461920716,ethereum
1784275200000,1827.396426039893,ethereum
1784278800000,1829.1659638103918,ethereum
1784282400000,1833.7583959738977,ethereum
1784286000000,1836.091529340992,ethereum
1784289600000,1838.5892990532686,ethereum
1784293200000,1827.8652401571812,ethereum
1784296800000,1823.7138073804665,ethereum
1784300400000,1821.0809249978518,ethereum
1784304000000,1829.1441306790862,ethereum
1784307600000,1834.8748565541334,ethereum
1784311200000,1842.9977240232618,ethereum
1784314800000,1845.717725487278,ethereum
1784318400000,1841.8939524205073,ethereum
1784322000000,1842.4133425524121,ethereum
1784325600000,1841.2438989258974,ethereum
1784329200000,1839.2009034583243,ethereum
1784332800000,1840.7681193183653,ethereum
1784336400000,1840.1796856903952,ethereum
1784340000000,1841.9527276612769,ethereum
1784343600000,1841.5395861865816,ethereum
1784347200000,1845.0254539378313,ethereum
1784350800000,1843.853772185493,ethereum
1784354400000,1845.228327495484,ethereum
1784358000000,1844.164071918405,ethereum
1784361600000,1843.1939503372098,ethereum
1784365200000,1846.7046834582006,ethereum
1784368800000,1844.5413802028736,ethereum
1784372400000,1844.8719865256423,ethereum
1784376000000,1844.9039867892157,ethereum
1784379600000,1843.8912392483865,ethereum
1784383200000,1841.0863217340957,ethereum
1784386800000,1844.7415112609306,ethereum
1784390400000,1843.2350583406615,ethereum
1784394000000,1844.7697273812487,ethereum
1784397600000,1851.298203477006,ethereum
1784401200000,1855.9412813893503,ethereum
1784404800000,1857.9272819249484,ethereum
1784408400000,1857.0259923600374,ethereum
1784412000000,1860.395358557146,ethereum
1784415600000,1863.0024948940365,ethereum
1784419200000,1862.32234801627,ethereum
1784422800000,1860.778244353838,ethereum
1784426400000,1858.9893425084874,ethereum
1784430000000,1870.9200120304506,ethereum
1784433600000,1866.8076713983744,ethereum
1784437200000,1865.6750282868873,ethereum
1784440800000,1868.1924575557796,ethereum
1784444400000,1869.0416604230236,ethereum
1784448000000,1869.5176481854573,ethereum
1784451600000,1873.709592471413,ethereum
1784455200000,1866.5208579200557,ethereum
1784458800000,1871.9723249780575,ethereum
1784462400000,1870.062101072122,ethereum
1784466000000,1869.735752058674,ethereum
1784469600000,1871.0783739440935,ethereum
1784473200000,1874.0590997953818,ethereum
1784476800000,1870.550432203383,ethereum
1784480400000,1865.4375673731265,ethereum
1784484000000,1867.6585385584242,ethereum
1784487600000,1859.162869638023,ethereum
1784491200000,1861.2749084266638,ethereum
1784494800000,1866.0456527707838,ethereum
1784498400000,1860.51222730657,ethereum
1784502000000,1868.7197848240712,ethereum
1784505600000,1870.8170349782704,ethereum
1784509200000,1871.261178188994,ethereum
1784512800000,1868.5209409725808,ethereum
1784516400000,1877.1662472216528,ethereum
1784520000000,1878.421705588153,ethereum
1784523600000,1868.3600015244742,ethereum
1784527200000,1854.5342958357928,ethereum
1784530800000,1847.9533795916705,ethereum
1784534400000,1862.4809086607436,ethereum
1784538000000,1859.1402869883136,ethereum
1784541600000,1863.4407831913138,ethereum
1784545200000,1867.694552938538,ethereum
1784548800000,1890.4080095901716,ethereum
1784552400000,1872.1599869350864,ethereum
1784556000000,1861.2039421566035,ethereum
1784559600000,1865.7727541524803,ethereum
1784563200000,1900.8178841969047,ethereum
1784566800000,1897.2405900990723,ethereum
1784570400000,1905.6507059111748,ethereum
1784574000000,1898.3139544889348,ethereum
1784577600000,1897.7864987243308,ethereum
1784581200000,1902.8544251925111,ethereum
1784584800000,1901.4816634127799,ethereum
1784588400000,1894.0223254892549,ethereum
1784592000000,1901.7735152870935,ethereum
1784595600000,1914.003815366165,ethereum
1784599200000,1906.7295666801738,ethereum
1784602800000,1916.2651643523463,ethereum
1784606400000,1924.956095645735,ethereum
1784610000000,1923.3382437285547,ethereum
1784613600000,1928.9388609772204,ethereum
1784617200000,1933.47508411941,ethereum
1784620800000,1933.2446233517182,ethereum
1784624400000,1938.450299126453,ethereum
1784628000000,1941.6742572711344,ethereum
1784631600000,1933.2252642486321,ethereum
1784635200000,1934.4707473690905,ethereum
1784638800000,1941.3172055161597,ethereum
1784642400000,1938.231142878105,ethereum
1784646000000,1930.698684360305,ethereum
1784649600000,1930.0600430621519,ethereum
1784653200000,1925.809389097616,ethereum
1784656800000,1918.1377787951,ethereum
1784660400000,1918.9774740447824,ethereum
1784664000000,1922.95949272727,ethereum
1784667600000,1921.8144070985336,ethereum
1784671200000,1922.912648994421,ethereum
1784674800000,1919.7801421286786,ethereum
1784678400000,1928.6558956703082,ethereum
1784682000000,1938.9005592200745,ethereum
1784685600000,1932.3251797670682,ethereum
1784689200000,1929.4969183064295,ethereum
1784692800000,1928.1421873682154,ethereum
1784696400000,1935.1017256565174,ethereum
1784700000000,1918.6233048696254,ethereum
1784703600000,1916.5287126632943,ethereum
1784707200000,1913.340451310583,ethereum
1784710800000,1920.2077561444314,ethereum
1784714400000,1923.0256246392182,ethereum
1784718000000,1929.8902388450183,ethereum
1784721600000,1926.374775716498,ethereum
1784725200000,1916.048942730582,ethereum
1784728800000,1938.0321708872943,ethereum
1784732400000,1931.699745248285,ethereum
1784736000000,1941.7762475563654,ethereum
1784739600000,1948.5733586968447,ethereum
1784743200000,1938.0320923247348,ethereum
1784746800000,1929.9929985499298,ethereum
1784750400000,1924.817062097911,ethereum
1784754000000,1926.260732832955,ethereum
1784757600000,1936.2008825688372,ethereum
1784761200000,1937.1154365502916,ethereum
1784764800000,1933.4132583162384,ethereum
1784768400000,1932.2494867711996,ethereum
1784772000000,1927.820861502038,ethereum
1784775600000,1926.9379643751026,ethereum
1784779200000,1919.9184687896088,ethereum
1784782800000,1919.1253732940165,ethereum
1784786400000,1921.6116113266798,ethereum
1784790000000,1923.6207289605497,ethereum
1784793600000,1914.477635742957,ethereum
1784797200000,1926.0070340125728,ethereum
1784800800000,1924.2577596641079,ethereum
1784804400000,1927.386924041659,ethereum
1784808000000,1925.28505315006,ethereum
1784811600000,1902.7163870422685,ethereum
1784815200000,1898.887555168991,ethereum
1784818800000,1895.2680693537386,ethereum
1784822400000,1893.1705115500597,ethereum
1784826000000,1887.9245907825546,ethereum
1784829600000,1877.1542835608766,ethereum
1784833200000,1880.1962240691366,ethereum
1784836800000,1874.624405006821,ethereum
1784840400000,1884.4688610025332,ethereum
1784844000000,1880.5093314026542,ethereum
1784847600000,1882.8044820503972,ethereum
1784851200000,1877.460607698635,ethereum
1784854800000,1869.7695663407399,ethereum
1784858400000,1871.5886012884207,ethereum
1784862000000,1868.4873263062827,ethereum
1784865600000,1879.442273123288,ethereum
1784869200000,1874.121690223777,ethereum
1784872800000,1879.5376562560539,ethereum
1784876400000,1887.1857631152832,ethereum
1784880000000,1895.0894049102837,ethereum
1784883600000,1886.819951578124,ethereum
1784887200000,1887.0488868181942,ethereum
1784890800000,1882.418659564579,ethereum
1784894400000,1882.5723550037274,ethereum
1784898000000,1871.6457460345482,ethereum
1784901600000,1854.7228199953893,ethereum
1784905200000,1860.1641354961898,ethereum
1784908800000,1860.8690153294717,ethereum
1784912400000,1856.918221689525,ethereum
1784916000000,1864.558082469409,ethereum
1784919600000,1861.5413435423807,ethereum
1784923200000,1861.7135329741402,ethereum
1784926800000,1859.3072062919566,ethereum
1784930400000,1855.6751749285427,ethereum
1784934000000,1858.6228489275604,ethereum
1784937600000,1860.4425012275274,ethereum
1784941200000,1858.7300244367934,ethereum
1784944800000,1858.8357786161573,ethereum
1784948400000,1857.2395869435884,ethereum
1784952000000,1857.6418661035839,ethereum
1784955600000,1860.3994858751498,ethereum
1784959200000,1857.8196776749862,ethereum
1784962800000,1857.1791161801907,ethereum
1784966400000,1854.5028757365892,ethereum
1784970000000,1852.4468918732764,ethereum
1784973600000,1856.8373248579915,ethereum
1784977200000,1857.4349528097725,ethereum
1784980800000,1857.1991837886258,ethereum
1784984400000,1859.0571136865171,ethereum
1784988000000,1865.5120020209854,ethereum
1784991600000,1866.9760456502156,ethereum
1784995200000,1866.1740077617053,ethereum
1784998800000,1866.0712395350504,ethereum
1785002400000,1870.2125143022215,ethereum
1785006000000,1874.7780859831698,ethereum
1785009600000,1874.7382971220948,ethereum
1785013200000,1871.814986843849,ethereum
1785016800000,1872.3542916574456,ethereum
1785020400000,1875.1615402703974,ethereum
1785024000000,1874.4572768280736,ethereum
1785027600000,1878.8393347450447,ethereum
1785031200000,1877.556441070641,ethereum
1785034800000,1879.4869544844332,ethereum
1785038400000,1880.4678988262797,ethereum
1785042000000,1885.379365943716,ethereum
1785045600000,1883.1791688024439,ethereum
1785049200000,1883.788053639245,ethereum
1785052800000,1880.3015141386109,ethereum
1785056400000,1880.9676096528435,ethereum
1785060000000,1882.826506535707,ethereum
1785063600000,1884.6960671708755,ethereum
1785067200000,1884.5296178627457,ethereum
1785070800000,1885.0079971927373,ethereum
1785074400000,1884.619088807909,ethereum
1785078000000,1896.9322973929834,ethereum
1785081600000,1913.0463896086176,ethereum
1785085200000,1914.805795489487,ethereum
1785088800000,1909.9327868553062,ethereum
1785092400000,1913.174810545483,ethereum
1785096000000,1912.682781960387,ethereum
1785099600000,1912.0671668689272,ethereum
1785103200000,1924.251282578454,ethereum
1785106800000,1948.4832748507677,ethereum
1785110400000,1952.9020070235085,ethereum
1785114000000,1940.1357899398558,ethereum
1785117600000,1945.9898862140685,ethereum
1785121200000,1941.4906405180639,ethereum
1785124800000,1946.9925148614645,ethereum
1785128400000,1951.8558394480033,ethereum
1785132000000,1963.5580825171046,ethereum
1785135600000,1966.6473953992786,ethereum
1785139200000,1963.5129338547474,ethereum
1785142800000,1963.3026496498087,ethereum
1785146400000,1963.7561820227625,ethereum
1785150000000,1965.6938521823183,ethereum
1785153600000,1958.8301725635902,ethereum
1785157200000,1955.6939421659974,ethereum
1785160800000,1958.7814808738065,ethereum
1785164400000,1930.0419715179144,ethereum
1785168000000,1926.4623277830992,ethereum
1785171600000,1938.1423796350307,ethereum
1785175200000,1941.6958717497812,ethereum
1785178800000,1936.9687779084634,ethereum
1785182400000,1946.4420341820032,ethereum
1785186000000,1944.891461725547,ethereum
1785189600000,1940.1442527295376,ethereum
1785193200000,1892.6060491829257,ethereum
1785196800000,1890.4523208978708,ethereum
1785200400000,1877.303284117904,ethereum
1785204000000,1874.279176758443,ethereum
1785207600000,1874.2991673990555,ethereum
1785211200000,1879.2878404219916,ethereum
1785214800000,1877.0905475669713,ethereum
1785218400000,1881.7250522826694,ethereum
1785222000000,1886.1337832330858,ethereum
1785225600000,1881.818721824887,ethereum
1785229200000,1882.2646549019162,ethereum
1785232800000,1874.7159367171182,ethereum
1785236400000,1877.3685737209012,ethereum
1785240000000,1875.6916387481951,ethereum
1785243600000,1890.804421442845,ethereum
1785247200000,1872.6177308351703,ethereum
1785250800000,1886.6891973993063,ethereum
1785254400000,1917.0786673768737,ethereum
1785258000000,1924.0031002897322,ethereum
1785261600000,1899.8097147799526,ethereum
1785265200000,1909.5179917479788,ethereum
1785268800000,1919.6940468233026,ethereum
1785272400000,1916.7451174906012,ethereum
1785276000000,1922.8280447617124,ethereum
1785279600000,1910.5935113881612,ethereum
1785283200000,1920.4888660862466,ethereum
1785286800000,1915.5694183625249,ethereum
1785290400000,1903.671393549686,ethereum
1785294000000,1908.5093971845297,ethereum
1785297600000,1890.4562925046582,ethereum
1785301200000,1903.498561794887,ethereum
1785304800000,1910.7072964293964,ethereum
1785308400000,1918.6707093711384,ethereum
1785312000000,1921.7899306628954,ethereum
1785315600000,1913.4009931829069,ethereum
1785319200000,1920.7285932854454,ethereum
1785322800000,1910.4043710928847,ethereum
1785326400000,1913.3460302469002,ethereum
1785330000000,1903.5171203831396,ethereum
1785333600000,1905.655204685378,ethereum
1785337200000,1893.4611694750276,ethereum
1785340800000,1889.7776348522991,ethereum
1785344400000,1893.2294621949693,ethereum
1785348000000,1915.3246383701724,ethereum
1785351600000,1918.4123096816165,ethereum
1785355200000,1886.6170874075854,ethereum
1785358800000,1882.4888909044732,ethereum
1785362400000,1895.4115967338741,ethereum
1785366000000,1905.0725744484696,ethereum
1785369600000,1908.7417326276595,ethereum
1785373200000,1896.1532352308272,ethereum
1785376800000,1914.8496725662083,ethereum
1785380400000,1908.8814196597302,ethereum
1785384000000,1908.0345236006417,ethereum
1785387600000,1900.19317735248,ethereum
1785391200000,1903.6513757187006,ethereum
1785394800000,1898.5983036753087,ethereum
1785398400000,1901.0809698893345,ethereum
1785402000000,1912.7445386138857,ethereum
1785405600000,1915.8895435300433,ethereum
1785409200000,1916.0118672557924,ethereum
1785412800000,1921.1773408064964,ethereum
1785416400000,1923.5934836072274,ethereum
1785420000000,1928.165365056167,ethereum
1785423600000,1915.8504831922685,ethereum
1785427200000,1917.0916655042895,ethereum
1785430800000,1917.7285306526303,ethereum
1785434400000,1919.2823111908804,ethereum
1785438000000,1914.7977072546396,ethereum
1785441600000,1921.8867458460807,ethereum
1785445200000,1919.9835425014496,ethereum
1785448800000,1916.6729690821628,ethereum
1785452400000,1924.3858742205202,ethereum
1785456000000,1917.5713635462077,ethereum
1785459600000,1915.2616240640361,ethereum
1785463200000,1908.4017759296523,ethereum
1785466800000,1902.5545384201212,ethereum
1785470400000,1907.6680901604495,ethereum
1785474000000,1904.5549781162765,ethereum
1785477600000,1904.3837269591472,ethereum
1785481200000,1901.1584090989134,ethereum
1785484800000,1888.3712454805807,ethereum
1785488400000,1888.7049375047743,ethereum
1785492000000,1881.8962173793495,ethereum
1785495600000,1885.7037052239464,ethereum
1785499200000,1882.2568779318656,ethereum
1785502800000,1880.7843358799444,ethereum
1785506400000,1864.8997469497863,ethereum
1785510000000,1857.2734911847326,ethereum
1785513600000,1860.9705703314169,ethereum
1785517200000,1863.078348796119,ethereum
1785520800000,1873.5158534193072,ethereum
1785524400000,1870.1922859049735,ethereum
1785528000000,1865.951204507214,ethereum
1785531600000,1860.638732715633,ethereum
1785535200000,1859.8870803899497,ethereum
1785538800000,1859.871371738634,ethereum
1785542400000,1860.5923268286904,ethereum
1785546000000,1862.9887781925984,ethereum
1785549600000,1864.9501159493498,ethereum
1785553200000,1866.4778576741921,ethereum
1785556800000,1867.8645768000695,ethereum
1785560400000,1867.8651782195045,ethereum
1785564000000,1865.6323676188438,ethereum
1785567600000,1868.804594999115,ethereum
1785571200000,1867.805828545098,ethereum
1785574800000,1867.737014445651,ethereum
1785578400000,1866.336610293772,ethereum
1785582000000,1865.5263187689707,ethereum
1785585600000,1865.223010580646,ethereum
1785589200000,1867.3475919840275,ethereum
1785592800000,1867.6281235403412,ethereum
1785596400000,1872.2550878805896,ethereum
1785600000000,1868.7325811577105,ethereum
1785603600000,1866.994121584234,ethereum
1785607200000,1860.3696100911632,ethereum
1785610800000,1834.9487630001513,ethereum
1785614400000,1835.4617904852294,ethereum
1785618000000,1836.5937448133436,ethereum
1785621600000,1844.0682985180963,ethereum
1785625200000,1845.8004096360826,ethereum
1785628800000,1843.443563411847,ethereum
1785632400000,1844.4322862609545,ethereum
1785636000000,1855.4823486268303,ethereum
1785639600000,1874.9031124756084,ethereum
1785643200000,1875.796988415826,ethereum
1785646800000,1879.6607784812024,ethereum
1785650400000,1874.7636205331075,ethereum
1785654000000,1875.8842436712287,ethereum
1785657600000,1874.5228772857834,ethereum
1785661200000,1866.7444221806231,ethereum
1785664800000,1869.1989647693108,ethereum
1785668400000,1867.12400117562,ethereum
1785672000000,1850.4110868087157,ethereum
1785675600000,1855.139718460716,ethereum
1785679200000,1853.3054242979144,ethereum
1785682800000,1853.444566830864,ethereum
1785686400000,1856.8838114445587,ethereum
1785690000000,1861.43506208729,ethereum
1785693600000,1867.1385173737192,ethereum
1785697200000,1874.015570614145,ethereum
1785700800000,1880.427004648729,ethereum
1785704400000,1882.1657117269212,ethereum
1785708000000,1888.7024707200344,ethereum
1785711600000,1880.3166714391452,ethereum
1785715200000,1882.9305589557664,ethereum
1785718800000,1871.6679115644959,ethereum
1785722400000,1865.2065035544251,ethereum
1785726000000,1861.8073237932829,ethereum
1785729600000,1856.0368170438298,ethereum
1785733200000,1853.5751346790541,ethereum
1785736800000,1857.8884613870005,ethereum
1785740400000,1847.4708590408309,ethereum
1785744000000,1841.6399146916658,ethereum
1785747600000,1838.3170567861425,ethereum
1785751200000,1850.5525111282616,ethereum
1785754800000,1844.1506807060923,ethereum
1785758400000,1837.4613448414457,ethereum
1785762000000,1841.497555918887,ethereum
1785765600000,1856.8165336778748,ethereum
1785769200000,1870.9635660884267,ethereum
1785772800000,1861.084671613053,ethereum
1785776400000,1864.286836199067,ethereum
1785780000000,1866.842105460457,ethereum
1785783600000,1867.2771656168038,ethereum
1785787200000,1868.845337872194,ethereum
1785790800000,1867.2802218208142,ethereum
1785794400000,1862.4070677191487,ethereum
1785798000000,1858.3801947650413,ethereum
1785801600000,1858.5376969949996,ethereum
1785805200000,1849.045407239239,ethereum
1785808800000,1866.1588738753615,ethereum
1785812400000,1864.345832983359,ethereum
1785816000000,1862.6448508875437,ethereum
1785819600000,1867.521650064171,ethereum
1785823200000,1862.719711487946,ethereum
1785826800000,1854.9870150479514,ethereum
1785830400000,1862.2291248369993,ethereum
1785834000000,1855.7780273168885,ethereum
1785837600000,1856.5321879396374,ethereum
1785841200000,1865.0787350742614,ethereum
1785844800000,1870.9809756532059,ethereum
1785848400000,1873.5917610733043,ethereum
1785852000000,1859.9655529707798,ethereum
1785855600000,1871.5366102299688,ethereum
1785859200000,1871.520494412927,ethereum
1785862800000,1867.6644842964113,ethereum
1785866400000,1868.2046121605194,ethereum
1785870000000,1873.6267978363987,ethereum
1785873600000,1874.9623404392305,ethereum
1785877200000,1874.98118997904,ethereum
1785880800000,1870.9037728321655,ethereum
1785884400000,1874.021744918835,ethereum
1785888000000,1868.621381582403,ethereum
1785891600000,1862.5221799117226,ethereum
1785895200000,1871.7748200932529,ethereum
1785898800000,1872.930528333539,ethereum
1785902400000,1866.2473473098853,ethereum
1785906000000,1865.7787499634965,ethereum
1785909600000,1871.954872093691,ethereum
1785913200000,1868.1574619916428,ethereum
1785916800000,1869.9493397839963,ethereum
1785920400000,1868.3820682900766,ethereum
1785924000000,1870.2883859927745,ethereum
1785927600000,1866.5773722830688,ethereum
1785931200000,1867.2494741445216,ethereum
1785934800000,1874.8462166865784,ethereum
1785938400000,1876.1175573618857,ethereum
1785942000000,1874.5901288758448,ethereum
1785945600000,1872.393965742379,ethereum
1785949200000,1893.3870945056467,ethereum
1785952800000,1914.8807064526263,ethereum
1785956400000,1916.3356361765293,ethereum
1785960000000,1916.2840866379267,ethereum
1785963600000,1915.772833451026,ethereum
1785967200000,1907.6460941174519,ethereum
1785970800000,1905.2668614668958,ethereum
1785974400000,1907.4360439632449,ethereum
1785978000000,1908.8258895340944,ethereum
1785981600000,1905.3110678753676,ethereum
1785985200000,1897.38539939944,ethereum
1785988800000,1896.6946483372622,ethereum
1785992400000,1905.91584301023,ethereum
1785996000000,1911.7864997803536,ethereum
1785999600000,1911.2655624557694,ethereum
1786003200000,1907.7663847361976,ethereum
1786006800000,1914.5486205304273,ethereum
1786010400000,1905.5046451163169,ethereum
1786014000000,1900.1638732952222,ethereum
1786017600000,1905.3212533579933,ethereum
1786021200000,1897.551638071006,ethereum
1786024800000,1906.1265353374906,ethereum
1786028400000,1913.216020911893,ethereum
1786032000000,1910.1406742961558,ethereum
1786035600000,1914.0164810281115,ethereum
1786039200000,1912.4763469046718,ethereum
1786042800000,1904.1569437981998,ethereum
1786046400000,1908.162983995348,ethereum
1786050000000,1905.6352606600562,ethereum
1786053600000,1904.6986400990327,ethereum
1786057200000,1903.5468828983048,ethereum
1786060800000,1902.1622720657638,ethereum
1786064400000,1902.0994087943066,ethereum
1786068000000,1901.519821856984,ethereum
1786071600000,1901.3626250675961,ethereum
1786075200000,1895.7334012968909,ethereum
1786078800000,1895.4818370920648,ethereum
1786082400000,1899.8564430580318,ethereum
1786086000000,1902.6603055527764,ethereum
1786089600000,1900.8076801985078,ethereum
1786093200000,1909.0306466422285,ethereum
1786096800000,1911.7870937040616,ethereum
1786100400000,1911.4270571941358,ethereum
1786104000000,1914.5767227846586,ethereum
1786107600000,1931.0357625828958,ethereum
1786111200000,1922.3796018027647,ethereum
1786114800000,1912.4682250244455,ethereum
1786118400000,1917.027974290875,ethereum
1786122000000,1909.1851978719371,ethereum
1786125600000,1910.7710778365363,ethereum
1786129200000,1908.248190127709,ethereum
1786132800000,1917.6177337310899,ethereum
1786136400000,1913.5945818024563,ethereum
1786140000000,1915.3906582132474,ethereum
1786143600000,1913.6762877676301,ethereum
1786147200000,1912.9851571036106,ethereum
1786150800000,1913.188774317744,ethereum
1786154400000,1913.5597841234296,ethereum
1786158000000,1912.1020134596588,ethereum
1786161600000,1917.0061118271774,ethereum
1786165200000,1915.9073936116615,ethereum
1786168800000,1916.2086269876997,ethereum
1786172400000,1915.3675564326852,ethereum
1786176000000,1913.9680271421903,ethereum
1786179600000,1915.7323649616253,ethereum
1786183200000,1917.6981107626734,ethereum
1786186800000,1919.8160446465067,ethereum
1786190400000,1919.7250296101936,ethereum
1786194000000,1917.9941563803425,ethereum
1786197600000,1918.6390969703164,ethereum
1786201200000,1922.587948972941,ethereum
1786204800000,1921.4138000733005,ethereum
1786208400000,1921.056911003229,ethereum
1786212000000,1922.5342607150772,ethereum
1786215600000,1919.6502433456387,ethereum
1786219200000,1919.0122850996656,ethereum
1786222800000,1918.8835377070207,ethereum
1786226400000,1919.3973450429569,ethereum
1786230000000,1915.6002087439058,ethereum
1786233600000,1915.447810935271,ethereum
1786237200000,1916.3955753414516,ethereum
1786240800000,1914.8020308090352,ethereum
1786244400000,1913.3557888132855,ethereum
1786248000000,1912.6450763784642,ethereum
1786251600000,1911.6882851789162,ethereum
1786255200000,1912.9801365323976,ethereum
1786258800000,1917.5907166837133,ethereum
1786262400000,1917.3799888201577,ethereum
1786266000000,1914.2711372529948,ethereum
1786269600000,1919.5463918880669,ethereum
1786273200000,1918.8468912916278,ethereum
1786276800000,1917.7433040154272,ethereum
1786280400000,1916.2523853313837,ethereum
1786284000000,1921.8136617268135,ethereum
1786287600000,1923.4096694143796,ethereum
1786291200000,1925.1866277696943,ethereum
1786294800000,1922.672854746909,ethereum
1786298400000,1921.7599916725064,ethereum
1786302000000,1920.1553026298766,ethereum
1786305600000,1920.6808527487922,ethereum
1786309200000,1919.4788441329938,ethereum
1786312800000,1923.6375629918568,ethereum
1786316400000,1917.9402293458745,ethereum
1786320000000,1908.940734099038,ethereum
1786323600000,1911.0496030915272,ethereum
1786327200000,1923.4097701466262,ethereum
1786330800000,1922.3014732138063,ethereum
1786334400000,1915.7087891067843,ethereum
1786338000000,1914.3788690845954,ethereum
1786341600000,1921.9741209263655,ethereum
1786345200000,1926.641287103867,ethereum
1786348800000,1924.1063346873336,ethereum
1786352400000,1925.1846847973725,ethereum
1786356000000,1914.8392626576622,ethereum
1786359600000,1916.166400718218,ethereum
1786363200000,1918.6217628890001,ethereum
1786366800000,1904.9910075134906,ethereum
1786370400000,1896.1606072481254,ethereum
1786374000000,1891.6499974175986,ethereum
1786377600000,1875.5714923367389,ethereum
1786381200000,1870.1020256833956,ethereum
1786384800000,1872.1126047219718,ethereum
1786388400000,1871.1283820036654,ethereum
1786392000000,1876.0787114081306,ethereum
1786395600000,1877.9924140540136,ethereum
1786399200000,1872.9314333302677,ethereum
1786402800000,1874.4264014072503,ethereum
1786406400000,1871.3976551883159,ethereum
1786410000000,1873.406284001485,ethereum
1786413600000,1876.4019367007193,ethereum
1786417200000,1876.7334814688534,ethereum
1786420800000,1879.1152667525755,ethereum
1786424400000,1874.5218538205675,ethereum
1786428000000,1872.5217419547607,ethereum
1786431600000,1872.1112437488305,ethereum
1786435200000,1875.9587426322807,ethereum
1786438800000,1877.5780635451476,ethereum
1786442400000,1882.4279094561218,ethereum
1786446000000,1884.5795917459636,ethereum
1786449600000,1891.792977053589,ethereum
1786453200000,1888.2676115669838,ethereum
1786456800000,1889.2632854175179,ethereum
1786460400000,1871.9743915241684,ethereum
1786464000000,1861.356366175506,ethereum
1786467600000,1863.3897887768155,ethereum
1786471200000,1863.2373556500652,ethereum
1786474800000,1863.9709141291269,ethereum
1786478400000,1880.2186159642054,ethereum
1786482000000,1880.3085176642865,ethereum
1786485600000,1882.8118169558666,ethereum
1786489200000,1880.542852599046,ethereum
1786492800000,1880.4862005694617,ethereum
1786496400000,1880.7210700915784,ethereum
1786500000000,1882.9962548648323,ethereum
1786503600000,1882.2695831730941,ethereum
1786507200000,1884.787743866838,ethereum
1786510800000,1887.631260084602,ethereum
1786514400000,1889.8183746350023,ethereum
1786518000000,1885.7087625746353,ethereum
1786521600000,1889.6951989929707,ethereum
1786525200000,1889.1785224083312,ethereum
1786528800000,1903.9865228118783,ethereum
1786532400000,1907.629351462343,ethereum
1786536000000,1914.0091220982224,ethereum
1786539600000,1909.451607816641,ethereum
1786543200000,1899.2202876929846,ethereum
1786546800000,1885.2038405062624,ethereum
1786550400000,1891.0092326936417,ethereum
1786554000000,1888.9530481355348,ethereum
1786557600000,1886.2339787060218,ethereum
1786561200000,1884.099753634427,ethereum
1786564800000,1877.5684720425447,ethereum
1786568400000,1884.5681913836588,ethereum
1786572000000,1876.7221706674602,ethereum
1786575600000,1876.466494551541,ethereum
1786579200000,1877.743530062547,ethereum
1786582800000,1878.9264689442984,ethereum
1786586400000,1876.4727875282654,ethereum
1786590000000,1880.0149109437934,ethereum
1786593600000,1885.3931499038238,ethereum
1786597200000,1890.67217142997,ethereum
1786600800000,1894.300910011972,ethereum
1786604400000,1896.6367997507584,ethereum
1786608000000,1893.9597485517747,ethereum
1786611600000,1888.1295619077084,ethereum
1786615200000,1887.9455238132844,ethereum
1786618800000,1881.3686183093307,ethereum
1786622400000,1877.954286116496,ethereum
1786626000000,1887.1721620654787,ethereum
1786629600000,1888.003280055418,ethereum
1786633200000,1891.722425537381,ethereum
1786636800000,1880.730238994384,ethereum
1786640400000,1872.5066266740603,ethereum
1786644000000,1875.3054617144016,ethereum
1786647600000,1883.7449561067203,ethereum
1786651200000,1885.5906520864862,ethereum
1786654800000,1884.2540310562977,ethereum
1786658400000,1886.8835346517942,ethereum
1786662000000,1887.622064498712,ethereum
1786665600000,1884.3941576877892,ethereum
1786669200000,1887.427442140008,ethereum
1786672800000,1887.5537878715716,ethereum
1786676400000,1885.2241112626248,ethereum
1786680000000,1881.712518675994,ethereum
1786683600000,1882.7105718755809,ethereum
1786687200000,1883.0704835574259,ethereum
1786690800000,1871.2063617263261,ethereum
1786694400000,1871.9655894760783,ethereum
1786698000000,1876.1208266615147,ethereum
1786701600000,1871.0277759435075,ethereum
1786705200000,1874.0823254502347,ethereum
1786708800000,1876.4890674165874,ethereum
1786712400000,1871.5578120126327,ethereum
1786716000000,1866.8808482095956,ethereum
1786719600000,1865.1929933315816,ethereum
1786723200000,1879.8711968444738,ethereum
1786726800000,1883.414646029163,ethereum
1786730400000,1876.5014365878592,ethereum
1786734000000,1873.724359817227,ethereum
1786737600000,1878.972700715158,ethereum
1786741200000,1878.4847644201386,ethereum
1786744800000,1877.254786370754,ethereum
1786748400000,1877.9080001359682,ethereum
1786752000000,1880.3285280890423,ethereum
1786755600000,1880.721302590367,ethereum
1786759200000,1882.298328857773,ethereum
1786762800000,1883.0549979976197,ethereum
1786766400000,1880.9773145658073,ethereum
1786770000000,1882.5878548175835,ethereum
1786773600000,1878.877125150122,ethereum
1786777200000,1880.3148117717976,ethereum
1786780800000,1878.5460776877103,ethereum
1786784400000,1875.1995254451538,ethereum
1786788000000,1878.5428182884164,ethereum
1786791600000,1879.1053751647196,ethereum
1786795200000,1877.4285145227918,ethereum
1786798800000,1881.8095287885026,ethereum
1786802400000,1881.837933999084,ethereum
1786806000000,1881.6772413686542,ethereum
1786809600000,1883.1293696051764,ethereum
1786813200000,1883.117371533735,ethereum
1786816800000,1882.518682818982,ethereum
1786820400000,1881.107054472593,ethereum
1786824000000,1882.692375441511,ethereum
1786827600000,1881.5434349237694,ethereum
1786831200000,1883.3233554995004,ethereum
1786834800000,1882.7796759472071,ethereum
1786838400000,1880.9591561894488,ethereum
1786842000000,1880.645999048348,ethereum
1786845600000,1878.4109253869435,ethereum
1786849200000,1881.9384694851378,ethereum
1786852800000,1881.4641077213196,ethereum
1786856400000,1880.0492871102758,ethereum
1786860000000,1878.1775102730373,ethereum
1786863600000,1878.8646447589504,ethereum
1786867200000,1879.7045096911015,ethereum
1786870800000,1879.0931771309786,ethereum
1786874400000,1878.6650744272658,ethereum
1786878000000,1879.080446183577,ethereum
1786881600000,1879.050541994932,ethereum
1786885200000,1878.1628133579634,ethereum
1786888800000,1879.9605521829776,ethereum
1786892400000,1881.6134445203559,ethereum
1786896000000,1882.3408150665036,ethereum
1786899600000,1887.8603423209793,ethereum
1786903200000,1883.6612750630577,ethereum
1786906800000,1883.7637396091122,ethereum
1786910400000,1884.075806539142,ethereum
1786914000000,1880.3056609685977,ethereum
1786917600000,1874.6061355284435,ethereum
1786921200000,1873.85797863993,ethereum
1786924800000,1874.401898191962,ethereum
1786928400000,1876.8397749510807,ethereum
1786932000000,1890.6959718761564,ethereum
1786935600000,1900.825658653,ethereum
1786939200000,1899.8876361213868,ethereum
1786942800000,1901.7580821791398,ethereum
1786946400000,1898.1221179923432,ethereum
1786950000000,1905.5447646421098,ethereum
1786953600000,1899.471408244226,ethereum
1786957200000,1892.6913546935816,ethereum
1786960800000,1892.129491388674,ethereum
1786964400000,1904.8313389998343,ethereum
1786968000000,1902.7698028949328,ethereum
1786971600000,1897.3401350214954,ethereum
1786975200000,1902.5563450983548,ethereum
1786978800000,1907.4206206265708,ethereum
1786982400000,1911.4585022939011,ethereum
1786986000000,1905.4093012553033,ethereum
1786989600000,1907.289984857624,ethereum
1786993200000,1908.154716819892,ethereum
1786996800000,1905.5633554465703,ethereum
1787000400000,1905.111556939387,ethereum
1787004000000,1904.945574359034,ethereum
1787007600000,1902.709307997916,ethereum
1787011200000,1912.2734691708965,ethereum
1787014800000,1908.0666784214575,ethereum
1787018400000,1899.386586709973,ethereum
1787022000000,1891.1046701090243,ethereum
1787025600000,1892.846397339347,ethereum
1787029200000,1894.8041473936873,ethereum
1787032800000,1893.93451679796,ethereum
1787036400000,1900.8190209603156,ethereum
1787040000000,1896.9756379729104,ethereum
1787043600000,1898.0873327888569,ethereum
1787047200000,1895.0771508506355,ethereum
1787050800000,1896.1236564818616,ethereum
1787054400000,1901.1591493328033,ethereum
1787058000000,1897.2482358024922,ethereum
1787061600000,1896.182771610131,ethereum
1787065200000,1910.499951096042,ethereum
1787068800000,1916.2457756427157,ethereum
1787072400000,1916.9987533223052,ethereum
1787076000000,1910.1879753053659,ethereum
1787079600000,1915.0053975104292,ethereum
1787083200000,1912.133815489488,ethereum
1787086800000,1911.7964480176431,ethereum
1787090400000,1910.7932497871082,ethereum
1787094000000,1912.233720130492,ethereum
1787097600000,1916.3998901478055,ethereum
1787101200000,1912.474174186838,ethereum
1787104800000,1912.3601579354017,ethereum
1787108400000,1906.4949621299056,ethereum
1787112000000,1910.6933849311229,ethereum
1787115600000,1909.3396114349396,ethereum
1787119200000,1908.9826415427392,ethereum
1787122800000,1916.1058031362484,ethereum
1787126400000,1914.5917183569352,ethereum
1787130000000,1920.3600714625225,ethereum
1787133600000,1917.6730108783224,ethereum
1787137200000,1918.466070881449,ethereum
1787140800000,1921.4960180106168,ethereum
1787144400000,1935.3215273968715,ethereum
1787148000000,1931.858447606945,ethereum
1787151600000,1971.0460843509409,ethereum
1787155200000,2085.358940427217,ethereum
1787158800000,2088.3589434532328,ethereum
1787162400000,2090.502972101746,ethereum
1787166000000,2090.543287213609,ethereum
1787169600000,2102.248313228178,ethereum
1787173200000,2218.315205040845,ethereum
1787176800000,2284.654468214206,ethereum
1787180400000,2248.770474869456,ethereum
1787184000000,2251.7346140069594,ethereum
1787187600000,2260.1834826501427,ethereum
1787191200000,2265.352726938818,ethereum
1787194800000,2249.918512947096,ethereum
1787198400000,2249.850994357263,ethereum
1787202000000,2249.265449400749,ethereum
1787205600000,2246.861059729573,ethereum
1787209200000,2261.1204113380354,ethereum
1787212800000,2249.9853803202814,ethereum
1787216400000,2280.5069709794493,ethereum
1787220000000,2276.759282097075,ethereum
1787223600000,2283.1354284083222,ethereum
1787227200000,2294.9750213576353,ethereum
1787230800000,2287.748368450467,ethereum
1787234400000,2273.8023898709857,ethereum
1787238000000,2278.9926294436555,ethereum
1787241600000,2325.090301114264,ethereum
1787245200000,2342.9333194169662,ethereum
1787248800000,2345.3270532826505,ethereum
1787252400000,2316.12872530253,ethereum
1787256000000,2323.4016282290736,ethereum
1787259600000,2317.808055394318,ethereum
1787263200000,2317.8276762909413,ethereum
1787266800000,2313.5227313787077,ethereum
1787270400000,2326.5282334236576,ethereum
1787274000000,2339.2654496203095,ethereum
1787277600000,2358.426123802577,ethereum
1787281200000,2344.600339126449,ethereum
1787284800000,2340.70045044377,ethereum
1787288400000,2352.724215910229,ethereum
1787292000000,2365.190658672337,ethereum
1787295600000,2370.1513742255343,ethereum
1787299200000,2369.9184131194884,ethereum
1787302800000,2442.698189541508,ethereum
1787306400000,2402.7751372202165,ethereum
1787310000000,2394.76772735677,ethereum
1787313600000,2370.1190290788095,ethereum
1787317200000,2387.302814271402,ethereum
1787320800000,2386.405245477754,ethereum
1787324400000,2391.7831422113154,ethereum
1787328000000,2392.965641509222,ethereum
1787331600000,2405.9900686479814,ethereum
1787335200000,2423.067592953584,ethereum
1787338800000,2417.934051506207,ethereum
1787342400000,2413.2849566985474,ethereum
1787346000000,2440.243645264155,ethereum
1787349600000,2513.7222285275143,ethereum
1787353200000,2521.4164456696135,ethereum
1787356800000,2514.967577695514,ethereum
1787360400000,2520.951828758932,ethereum
1787364000000,2511.6309066425297,ethereum
1787367600000,2513.753401469656,ethereum
1787371200000,2515.9212304497696,ethereum
1787374800000,2515.0196271563004,ethereum
1787378400000,2438.263936746741,ethereum
1787382000000,2437.079707423543,ethereum
1787385600000,2433.029037627205,ethereum
1787389200000,2424.4699878711126,ethereum
1787392800000,2421.4501444987072,ethereum
1787396400000,2411.849423968812,ethereum
1787400000000,2422.6079724684987,ethereum
1787403600000,2428.2015032221952,ethereum
1787407200000,2429.647431508026,ethereum
1787410800000,2412.41611207881,ethereum
1787414400000,2410.2578047200914,ethereum
1787418000000,2422.417868537942,ethereum
1787421600000,2426.1363378741444,ethereum
1787425200000,2426.043461039677,ethereum
1787428800000,2439.651761616276,ethereum
1787432400000,2431.897277946677,ethereum
1787436000000,2407.736602667677,ethereum
1787439600000,2413.305959817387,ethereum
1787443200000,2423.4127407436827,ethereum
1787446800000,2430.874007396018,ethereum
1787450400000,2422.450011675435,ethereum
1787454000000,2416.8881316926836,ethereum
1787457600000,2413.403955953047,ethereum
1787461200000,2380.4093753844613,ethereum
1787464800000,2374.119581918642,ethereum
1787468400000,2388.5154060244213,ethereum
1787472000000,2388.0987695385666,ethereum
1787475600000,2411.5152628287206,ethereum
1787479200000,2411.354055024182,ethereum
1787482800000,2414.575794350662,ethereum
1787486400000,2431.9867599857753,ethereum
1787490000000,2426.5000264046766,ethereum
1787493600000,2458.6865812926767,ethereum
1787497200000,2438.037408211408,ethereum
1787500800000,2439.651260419835,ethereum
1787504400000,2451.2393283632264,ethereum
1787508000000,2440.2226813616917,ethereum
1787511600000,2448.0719816397636,ethereum
1787515200000,2444.47835780269,ethereum
1787518800000,2449.8629979892266,ethereum
1787522400000,2470.189276737035,ethereum
1787526000000,2454.0542085177303,ethereum
1787529600000,2462.403924751607,ethereum
1787533200000,2463.888102220098,ethereum
1787536800000,2429.816867687301,ethereum
1787540400000,2442.8055336043835,ethereum
1787544000000,2431.252192261294,ethereum
1787547600000,2436.8676254101388,ethereum
1787551200000,2448.5983094477874,ethereum
1787554800000,2456.005588094824,ethereum
1787558400000,2454.0559421325383,ethereum
1787562000000,2453.4917773428856,ethereum
1787565600000,2461.663010098616,ethereum
1787569200000,2463.905860731704,ethereum
1787572800000,2491.539163837602,ethereum
1787576400000,2511.6902444785937,ethereum
1787580000000,2493.2476867943333,ethereum
1787583600000,2514.8845919503774,ethereum
1787587200000,2485.6646773610914,ethereum
1787590800000,2477.49912872046,ethereum
1787594400000,2468.51183776504,ethereum
1787598000000,2474.200032864576,ethereum
1787601600000,2471.312503199322,ethereum
1787605200000,2474.191241391115,ethereum
1787608800000,2482.9574043190187,ethereum
1787612400000,2473.8345261830705,ethereum
1787616000000,2481.879430655568,ethereum
1787619600000,2493.6156999536265,ethereum
1787623200000,2495.15651279273,ethereum
1787626800000,2507.308477021198,ethereum
1787630400000,2498.0756204361946,ethereum
1787634000000,2493.5042575220687,ethereum
1787637600000,2507.9389544493606,ethereum
1787641200000,2499.368277651253,ethereum
1787644800000,2479.388357181316,ethereum
1787648400000,2483.981081364858,ethereum
1787652000000,2473.346779382791,ethereum
1787655600000,2481.2220451116978,ethereum
1787659200000,2477.8689698524395,ethereum
1787662800000,2473.3009961228927,ethereum
1787666400000,2459.5258356125046,ethereum
1787670000000,2476.5101828112647,ethereum
1787673600000,2482.2855316293812,ethereum
1787677200000,2470.0930423551213,ethereum
1787680800000,2470.6470597206826,ethereum
1787684400000,2467.4419028704983,ethereum
1787688000000,2462.911070143699,ethereum
1787691600000,2436.3901175506903,ethereum
1787695200000,2441.174544344569,ethereum
1787698800000,2453.4151064634375,ethereum
1787702400000,2442.0111121033965,ethereum
1787706000000,2446.760373105546,ethereum
1787709600000,2455.8423082633126,ethereum
1787713200000,2465.0443189548632,ethereum
1787716800000,2465.0662115144046,ethereum
1787720400000,2456.809846262806,ethereum
1787724000000,2464.1602397901797,ethereum
1787727600000,2459.6066635580673,ethereum
1787731200000,2461.369131534056,ethereum
1787734800000,2455.345391392622,ethereum
1787738400000,2447.271459539608,ethereum
1787742000000,2468.665355421971,ethereum
1787745600000,2462.616765501286,ethereum
1787749200000,2455.0711178006527,ethereum
1787752800000,2457.0037555839617,ethereum
1787756400000,2438.909355562819,ethereum
1787760000000,2449.8835360891976,ethereum
1787763600000,2444.820030408734,ethereum
1787767200000,2460.2105146237727,ethereum
1787770800000,2472.2560818201227,ethereum
1787774400000,2469.8496182014314,ethereum
1787778000000,2471.7863530895333,ethereum
1787781600000,2495.767025222611,ethereum
1787785200000,2494.511224176319,ethereum
1787788800000,2506.3431057180687,ethereum
1787792400000,2492.554684489406,ethereum
1787796000000,2498.8458660905903,ethereum
1787799600000,2494.4094636074287,ethereum
1787803200000,2492.320892749581,ethereum
1787806800000,2487.053283041309,ethereum
1787810400000,2495.284323968388,ethereum
1787814000000,2492.032411200287,ethereum
1787817600000,2497.41376587498,ethereum
1787821200000,2529.774372437996,ethereum
1787824800000,2534.7755417831077,ethereum
1787828400000,2502.997489283795,ethereum
1787832000000,2501.6261139820235,ethereum
1787835600000,2496.824324127165,ethereum
1787839200000,2496.495559397819,ethereum
1787842800000,2516.5648993877817,ethereum
1787846400000,2522.3642620407772,ethereum
1787850000000,2522.384724824004,ethereum
1787853600000,2518.6529898415956,ethereum
1787857200000,2505.4655993020406,ethereum
1787860800000,2500.235343771887,ethereum
1787864400000,2507.4190723151764,ethereum
1787868000000,2504.26699587918,ethereum
1787871600000,2515.1258928905213,ethereum
1787875200000,2511.461241063819,ethereum
1787878800000,2516.299008997644,ethereum
1787882400000,2512.589430116372,ethereum
1787886000000,2492.4831189450824,ethereum
1787889600000,2490.152361161818,ethereum
1787893200000,2486.173412612909,ethereum
1787896800000,2493.838995803311,ethereum
1787900400000,2503.272843224881,ethereum
1787904000000,2496.779029471113,ethereum
1787907600000,2488.1059630988416,ethereum
1787911200000,2489.7798998556273,ethereum
1787914800000,2505.8834925936812,ethereum
1787918400000,2504.9659705979466,ethereum
1787922000000,2498.5864742179106,ethereum
1787925600000,2513.7935558686554,ethereum
1787929200000,2514.4249840960647,ethereum
1787932800000,2473.4116190968066,ethereum
1787936400000,2442.4320835312305,ethereum
1787940000000,2443.537395262408,ethereum
1787943600000,2427.9204227117457,ethereum
1787947200000,2434.1757512647246,ethereum
1787950800000,2427.431365149071,ethereum
1787954400000,2423.884568960301,ethereum
1787958000000,2441.6155089580407,ethereum
1787961600000,2442.407614756763,ethereum
1787965200000,2442.4145032066435,ethereum
1787968800000,2443.4953644159145,ethereum
1787972400000,2438.5873346666976,ethereum
1787976000000,2435.133621293459,ethereum
1787979600000,2440.2191795302338,ethereum
1787983200000,2438.688667901949,ethereum
1787986800000,2435.0029487783895,ethereum
1787990400000,2436.166274527585,ethereum
1787994000000,2434.0027668121816,ethereum
1787997600000,2435.369532756174,ethereum
1788001200000,2434.652783497196,ethereum
1788004800000,2435.7267136492305,ethereum
1788008400000,2434.3945861303464,ethereum
1788012000000,2435.70991057065,ethereum
1788015600000,2448.444625275602,ethereum
1788019200000,2444.6311593607857,ethereum
1788022800000,2450.843486187964,ethereum
1788026400000,2450.1253350256225,ethereum
1788030000000,2452.210695169065,ethereum
1788033600000,2453.0116395864784,ethereum
1788037200000,2452.6307712615658,ethereum
1788040800000,2451.2406488075612,ethereum
1788044400000,2452.4996773197377,ethereum
1788048000000,2457.089335222437,ethereum
1788051600000,2459.023463547877,ethereum
1788055200000,2456.2017961421025,ethereum
1788058800000,2455.1331122891797,ethereum
1788062400000,2456.9448043451953,ethereum
1788066000000,2455.1351677284115,ethereum
1788069600000,2455.8586443783975,ethereum
1788073200000,2460.6165285428597,ethereum
1788076800000,2455.307678698179,ethereum
1788080400000,2456.544144922033,ethereum
1788084000000,2453.3253914380184,ethereum
1788087600000,2459.1874943123926,ethereum
1788091200000,2459.206809042763,ethereum
1788094800000,2468.230440981611,ethereum
1788098400000,2475.5549373915374,ethereum
1788102000000,2476.8137204434347,ethereum
1788105600000,2480.3258594678337,ethereum
1788109200000,2527.9711384527914,ethereum
1788112800000,2505.004419445966,ethereum
1788116400000,2510.219250866777,ethereum
1788120000000,2502.870324924048,ethereum
1788123600000,2490.2721885960655,ethereum
1788127200000,2481.401108658717,ethereum
1788130800000,2469.5722144659694,ethereum
1788134400000,2416.2418165172735,ethereum
1788138000000,2427.128912354595,ethereum
1788141600000,2411.9237666469976,ethereum
1788145200000,2407.0610202706875,ethereum
1788148800000,2420.662731804107,ethereum
1788152400000,2417.182579090842,ethereum
1788156000000,2435.315345449785,ethereum
1788159600000,2438.328756592188,ethereum
1788163200000,2439.957512226387,ethereum
1788166800000,2445.970724632505,ethereum
1788170400000,2446.1976666035894,ethereum
1788174000000,2454.2808035250914,ethereum
1788177600000,2445.0161263993004,ethereum
1788181200000,2450.6500760099525,ethereum
1788184800000,2439.8206494585825,ethereum
1788188400000,2467.220287527495,ethereum
1788192000000,2466.9293798787658,ethereum
1788195600000,2468.7937176282358,ethereum
1788199200000,2474.381798906639,ethereum
1788202800000,2478.114372577294,ethereum
1788206400000,2481.9467445988703,ethereum
1788210000000,2472.3389421678876,ethereum
1788213600000,2478.3047262831524,ethereum
1788217200000,2468.2377542236177,ethereum
1788220800000,2466.565659094493,ethereum
1788224400000,2470.9376030652397,ethereum
1788228000000,2460.8973842933588,ethereum
1788231600000,2464.0407124959743,ethereum
1788235200000,2471.652347368895,ethereum
1788238800000,2468.482832896896,ethereum
1788242400000,2483.255004441946,ethereum
1788246000000,2470.891565103835,ethereum
1788249600000,2471.8924965134697,ethereum
1788253200000,2447.6839534850724,ethereum
1788256800000,2452.0383232564577,ethereum
1788260400000,2456.2507008746325,ethereum
1788264000000,2458.2982106690497,ethereum
1788267600000,2445.958662360472,ethereum
1788271200000,2443.067501283259,ethereum
1788274800000,2447.9527926447568,ethereum
1788278400000,2448.420153092421,ethereum
1788282000000,2432.0620552183686,ethereum
1788285600000,2418.0343958437697,ethereum
1788289200000,2411.954162178915,ethereum
1788292800000,2417.4036467359056,ethereum
1788296400000,2419.885961952358,ethereum
1788300000000,2414.149729783631,ethereum
1788303600000,2412.006730051392,ethereum
1788307200000,2417.6758884733536,ethereum
1788310800000,2407.6101782683804,ethereum
1788314400000,2397.757210741966,ethereum
1788318000000,2408.08081242546,ethereum
1788321600000,2413.180567662408,ethereum
1788325200000,2414.1698086954884,ethereum
1788328800000,2421.7517403300335,ethereum
1788332400000,2419.2077780931727,ethereum
1788336000000,2417.191899175685,ethereum
1788339600000,2392.3188797540197,ethereum
1788343200000,2375.1133453195453,ethereum
1788346800000,2371.2181801895204,ethereum
1788350400000,2380.096718254706,ethereum
1788354000000,2376.4661550151454,ethereum
1788357600000,2400.5375430560593,ethereum
1788361200000,2392.412798085326,ethereum
1788364800000,2389.19006036108,ethereum
1788368400000,2385.6795164775535,ethereum
1788372000000,2392.4412181553016,ethereum
1788375600000,2393.662997648582,ethereum
1788379200000,2390.905301619513,ethereum
1788382800000,2392.8475503099744,ethereum
1788386400000,2389.3037353180275,ethereum
1788390000000,2378.8379903819814,ethereum
1788393600000,2390.783044679688,ethereum
1788397200000,2379.301809352959,ethereum
1788400800000,2386.167783935546,ethereum
1788404400000,2404.6365311727573,ethereum
1788408000000,2402.5187251099424,ethereum
1788411600000,2406.8216985674153,ethereum
1788415200000,2403.9309188757884,ethereum
1788418800000,2407.3503806441076,ethereum
1788422400000,2397.6598156527443,ethereum
1788426000000,2402.608693130404,ethereum
1788429600000,2392.736501663145,ethereum
1788433200000,2395.606209238074,ethereum
1788436800000,2406.3163085689434,ethereum
1788440400000,2422.5738569355085,ethereum
1788444000000,2427.4837931156535,ethereum
1788447600000,2490.0083478380598,ethereum
1788451200000,2515.527212312272,ethereum
1788454800000,2493.891330202051,ethereum
1788458400000,2500.461288618086,ethereum
1788462000000,2512.3059650927544,ethereum
1788465600000,2516.3996073243175,ethereum
1788469200000,2505.2042607167227,ethereum
1788472800000,2511.4977821498433,ethereum
1788476400000,2496.9382604904717,ethereum
1788480000000,2507.6482840896088,ethereum
1788483600000,2502.2930480682608,ethereum
1788487200000,2506.437390127091,ethereum
1788490800000,2506.390457555664,ethereum
1788494400000,2505.188681576835,ethereum
1788498000000,2508.6225191626513,ethereum
1788501600000,2508.748383552483,ethereum
1788505200000,2507.3610645117624,ethereum
1788508800000,2503.898140757193,ethereum
1788512400000,2526.0965187419247,ethereum
1788516000000,2521.169697336325,ethereum
1788519600000,2525.611160083241,ethereum
1788523200000,2522.983986719385,ethereum
1788526800000,2450.5568906453504,ethereum
1788530400000,2451.8522223000355,ethereum
1788534000000,2440.7065378816096,ethereum
1788537600000,2451.689399652983,ethereum
1788541200000,2460.5369888719374,ethereum
1788544800000,2445.8312181634315,ethereum
1788548400000,2450.7013589730423,ethereum
1788552000000,2455.796742574295,ethereum
1788555600000,2451.521121175233,ethereum
1788559200000,2452.5626955542716,ethereum
1788562800000,2451.5592572459245,ethereum
1788566400000,2456.085066364875,ethereum
1788570000000,2452.949671327691,ethereum
1788573600000,2452.4012274460833,ethereum
1788577200000,2453.363423349342,ethereum
1788580800000,2452.7532886736326,ethereum
1788584400000,2449.4302366577967,ethereum
1788588000000,2451.239406458116,ethereum
1788591600000,2453.705820414234,ethereum
1788595200000,2457.4885030351543,ethereum
1788598800000,2456.6871141802485,ethereum
1788602400000,2458.371256761569,ethereum
1788606000000,2454.352772757757,ethereum
1788609600000,2453.8794394989577,ethereum
1788613200000,2459.027552275698,ethereum
1788616800000,2453.8953798544057,ethereum
1788620400000,2457.4912209236654,ethereum
1788624000000,2459.809287535746,ethereum
1788627600000,2471.0734314624283,ethereum
1788631200000,2480.4278596113386,ethereum
1788634800000,2480.137035008244,ethereum
1788638400000,2477.7542870615234,ethereum
1788642000000,2477.3964938884806,ethereum
1788645600000,2489.0376060852186,ethereum
1788649200000,2480.989497005367,ethereum
1788652800000,2480.0031686031184,ethereum
1788656400000,2490.5378743797933,ethereum
1788660000000,2506.409830287171,ethereum
1788663600000,2503.424029567272,ethereum
1788667200000,2509.4091463944146,ethereum
1788670800000,2504.131380806759,ethereum
1788674400000,2512.856734977631,ethereum
1788678000000,2505.8308191159745,ethereum
1788681600000,2496.8135797878,ethereum
1788685200000,2495.5084732822006,ethereum
1788688800000,2498.9195132447553,ethereum
1788692400000,2501.507783741625,ethereum
1788696000000,2501.5579051044356,ethereum
1788699600000,2500.26088084555,ethereum
1788703200000,2494.3369006505645,ethereum
1788706800000,2477.4838364188117,ethereum
1788710400000,2479.610009135967,ethereum
1788714000000,2483.9488571644206,ethereum
1788717600000,2491.1712747933125,ethereum
1788721200000,2494.0281558737934,ethereum
1788724800000,2489.908476030909,ethereum
1788728400000,2498.6654979733325,ethereum
1788732000000,2507.691136589474,ethereum
1788735600000,2507.8723192118205,ethereum
1788739200000,2514.0092688310365,ethereum
1788742800000,2511.0552517806423,ethereum
1788746400000,2503.576418420744,ethereum
1788750000000,2510.13070627434,ethereum
1788753600000,2497.5260561429145,ethereum
1788757200000,2497.3400957368044,ethereum
1788760800000,2504.585333097259,ethereum
1788764400000,2497.6281990969737,ethereum
1788768000000,2488.5269463566315,ethereum
1788771600000,2491.1543305883824,ethereum
1788775200000,2485.060990112882,ethereum
1788778800000,2488.6707980449005,ethereum
1788782400000,2489.1853964031197,ethereum
1788786000000,2505.1197154028264,ethereum
1788789600000,2497.8705586638284,ethereum
1788793200000,2489.8033833861623,ethereum
1788796800000,2470.1107892673035,ethereum
1788800400000,2482.495958902054,ethereum
1788804000000,2495.6973673196976,ethereum
1788807600000,2491.6022267869203,ethereum
1788811200000,2495.163731937792,ethereum
1788814800000,2494.296615665868,ethereum
1788818400000,2490.4215360968888,ethereum
1788822000000,2482.2580407717323,ethereum
1788825600000,2489.3967543757462,ethereum
1788829200000,2494.4102707260563,ethereum
1788832800000,2503.248920365123,ethereum
1788836400000,2484.307280862933,ethereum
1788840000000,2484.865797289346,ethereum
1788843600000,2478.5442018313224,ethereum
1788847200000,2472.5384541874732,ethereum
1788850800000,2467.5797800696873,ethereum
1788854400000,2477.469045950753,ethereum
1788858000000,2476.5886221544038,ethereum
1788861600000,2490.8275999809885,ethereum
1788865200000,2481.191729201172,ethereum
1788868800000,2473.094736427881,ethereum
1788872400000,2471.835213058743,ethereum
1788876000000,2458.912136077288,ethereum
1788879600000,2484.824306263408,ethereum
1788883200000,2497.1764820177277,ethereum
1788886800000,2496.478833987003,ethereum
1788890400000,2488.4455458803563,ethereum
1788894000000,2486.9922204161066,ethereum
1788897600000,2481.2599474348513,ethereum
1788901200000,2483.4133312049235,ethereum
1788904800000,2481.8216860856046,ethereum
1788908400000,2488.413117941641,ethereum
1788912000000,2485.0697039871584,ethereum
1788915600000,2495.9900937444513,ethereum
1788919200000,2497.392279285682,ethereum
1788922800000,2493.75614151194,ethereum
1788926400000,2488.565478504968,ethereum
1788930000000,2509.0187095638316,ethereum
1788933600000,2495.923740441961,ethereum
1788937200000,2499.940699864281,ethereum
1788940800000,2509.8844900579575,ethereum
1788944400000,2518.658941943939,ethereum
1788948000000,2490.3418679016518,ethereum
1788951600000,2487.08856090764,ethereum
1788955200000,2501.534267216876,ethereum
1788958800000,2510.8483113183347,ethereum
1788962400000,2502.19479198969,ethereum
1788966000000,2498.5887722007874,ethereum
1788969600000,2490.02266693892,ethereum
1788973200000,2495.2609033179583,ethereum
1788976800000,2493.7446884281244,ethereum
1788980400000,2481.2617587807595,ethereum
1788984000000,2464.5478259949214,ethereum
1788987600000,2470.541418115848,ethereum
1788991200000,2461.7176571058494,ethereum
1788994800000,2450.1755494998274,ethereum
1788998400000,2467.529167979314,ethereum
1789002000000,2464.328874749107,ethereum
1789005600000,2462.908567169636,ethereum
1789009200000,2474.4861397537984,ethereum
1789012800000,2474.146961634192,ethereum
1789016400000,2477.724103391854,ethereum
1789020000000,2481.245695820993,ethereum
1789023600000,2479.651163172808,ethereum
1789027200000,2471.768618722202,ethereum
1789030800000,2470.507966990361,ethereum
1789034400000,2467.318265174157,ethereum
1789038000000,2463.494872278886,ethereum
1789041600000,2461.7998553439384,ethereum
1789045200000,2414.505433830795,ethereum
1789048800000,2434.495694188863,ethereum
1789052400000,2442.7301769695327,ethereum
1789056000000,2440.255990839297,ethereum
1789059600000,2447.422255466077,ethereum
1789063200000,2465.8465147900206,ethereum
1789066800000,2467.1829534202398,ethereum
1789070400000,2462.0322949767624,ethereum
1789074000000,2461.3396868664076,ethereum
1789077600000,2458.7871846808666,ethereum
1789081200000,2444.535479710121,ethereum
1789084800000,2437.514812545618,ethereum
1789088400000,2455.900038952555,ethereum
1789092000000,2453.5743868642867,ethereum
1789095600000,2446.3793261030023,ethereum
1789099200000,2446.340960885921,ethereum
1789102800000,2458.4450709147736,ethereum
1789106400000,2467.6068727946595,ethereum
1789110000000,2466.091100115586,ethereum
1789113600000,2466.4607865974167,ethereum
1789117200000,2475.9351092293846,ethereum
1789120800000,2468.975394745184,ethereum
1789124400000,2461.5033664575158,ethereum
1789128000000,2457.0552553856337,ethereum
1789131600000,2509.0956164083054,ethereum
1789135200000,2626.558566144049,ethereum
1789138800000,2606.736428226199,ethereum
1789142400000,2559.447642255112,ethereum
1789146000000,2578.3191823559882,ethereum
1789149600000,2566.4990766132396,ethereum
1789153200000,2536.2016959362822,ethereum
1789156800000,2538.4259733247604,ethereum
1789160400000,2529.7567317656067,ethereum
1789164000000,2513.3484469896416,ethereum
1789167600000,2510.82575685818,ethereum
1789171200000,2514.846819245876,ethereum
1789174800000,2510.330832440921,ethereum
1789178400000,2513.5929154997366,ethereum
1789182000000,2513.5449146131873,ethereum
1789185600000,2512.924011001854,ethereum
1789189200000,2512.309965680509,ethereum
1789192800000,2511.442581640329,ethereum
1789196400000,2519.0193606216517,ethereum
1789200000000,2523.0992058732895,ethereum
1789203600000,2532.929453589061,ethereum
1789207200000,2530.2799539733523,ethereum
1789210800000,2532.8418654037273,ethereum
1789214400000,2535.4710176976087,ethereum
1789218000000,2534.7803751775086,ethereum
1789221600000,2543.6902893176425,ethereum
1789225200000,2539.530856137153,ethereum
1789228800000,2534.499236095468,ethereum
1789232400000,2531.153369687178,ethereum
1789236000000,2525.245525035696,ethereum
1789239600000,2521.8786658239756,ethereum
1789243200000,2519.005726552095,ethereum
1789246800000,2520.0724914915468,ethereum
1789250400000,2523.285014199814,ethereum
1789254000000,2522.3473241745346,ethereum
1789257600000,2525.267261590238,ethereum
1789261200000,2524.452340253824,ethereum
1789264800000,2525.013155456593,ethereum
1789268400000,2521.056292310299,ethereum
1789272000000,2520.234639311347,ethereum
1789275600000,2519.56833572996,ethereum
1789279200000,2521.878656354133,ethereum
1789282800000,2512.2068451991654,ethereum
1789286400000,2517.047390927128,ethereum
1789290000000,2493.8247464513065,ethereum
1789293600000,2484.3399335184567,ethereum
1789297200000,2471.357505069824,ethereum
1789300800000,2479.981190302646,ethereum
1789304400000,2476.914368810035,ethereum
1789308000000,2478.444108565996,ethereum
1789311600000,2491.977540385618,ethereum
1789315200000,2490.4318837327123,ethereum
1789318800000,2504.2371798988843,ethereum
1789322400000,2504.193946981212,ethereum
1789326000000,2508.739171137495,ethereum
1789329600000,2505.4532958868463,ethereum
1789333200000,2512.2074891402585,ethereum
1789336800000,2506.335506892251,ethereum
1789340400000,2474.603187509969,ethereum
1789344000000,2476.682526163658,ethereum
1789347600000,2483.2901288984585,ethereum
1789351200000,2491.9202937458886,ethereum
1789354800000,2510.285504711027,ethereum
1789358400000,2511.689145875425,ethereum
1789362000000,2514.006670627008,ethereum
1789365600000,2515.6354528167735,ethereum
1789369200000,2513.527627543941,ethereum
1789372800000,2521.974689064744,ethereum
1789376400000,2517.3369812447477,ethereum
1789380000000,2523.206569137739,ethereum
1789383600000,2512.6282228397977,ethereum
1789387200000,2507.4853134151917,ethereum
1789390800000,2503.960264223535,ethereum
1789394400000,2500.547616334408,ethereum
1789398000000,2500.419655721502,ethereum
1789401600000,2507.940598100598,ethereum
1789405200000,2528.8441524250993,ethereum
1789408800000,2532.654516026292,ethereum
1789412400000,2538.4771143641747,ethereum
1789416000000,2540.231552341252,ethereum
1789419490000,2569.872017935392,ethereum
